filename,width,height,class,xmin,ymin,xmax,ymax
0007.jpg,332,133,no_comercial,1,51,325,121
0011.jpg,332,133,no_comercial,0,37,331,127
0018.jpg,332,133,comercial,82,57,124,112
0018.jpg,332,133,comercial,0,52,61,126
0028.jpg,332,133,no_comercial,96,37,242,116
0032.jpg,332,133,no_comercial,2,27,302,124
0038.jpg,332,133,no_comercial,3,17,327,127
0039.jpg,332,133,comercial,234,68,254,97
0039.jpg,332,133,no_comercial,190,61,227,95
0039.jpg,332,133,no_comercial,259,58,294,96
0039.jpg,332,133,no_comercial,98,49,191,99
0039.jpg,332,133,comercial,0,49,49,92
0039.jpg,332,133,no_comercial,0,65,18,88
0039.jpg,332,133,no_comercial,50,42,71,95
0043.jpg,332,133,comercial,64,2,329,98
0044.jpg,332,133,no_comercial,0,9,323,125
0051.jpg,332,133,no_comercial,19,24,116,108
0051.jpg,332,133,no_comercial,108,13,243,123
0051.jpg,332,133,no_comercial,248,16,331,118
0057.jpg,332,133,no_comercial,0,62,62,102
0057.jpg,332,133,comercial,63,56,113,101
0057.jpg,332,133,comercial,146,54,181,100
0057.jpg,332,133,comercial,186,52,236,96
0057.jpg,332,133,no_comercial,272,44,331,99
0058.jpg,332,133,comercial,7,55,84,103
0058.jpg,332,133,comercial,113,48,170,103
0058.jpg,332,133,comercial,174,51,231,104
0070.jpg,332,133,no_comercial,168,37,203,88
0070.jpg,332,133,no_comercial,205,35,237,89
0070.jpg,332,133,no_comercial,242,31,272,92
0070.jpg,332,133,no_comercial,123,34,166,91
0070.jpg,332,133,no_comercial,96,33,131,93
0070.jpg,332,133,comercial,44,60,70,84
0080.jpg,332,133,no_comercial,0,22,100,99
0080.jpg,332,133,no_comercial,127,38,223,114
0080.jpg,332,133,no_comercial,192,53,320,116
0081.jpg,332,133,comercial,75,59,133,97
0081.jpg,332,133,no_comercial,141,59,195,99
0081.jpg,332,133,comercial,252,61,295,103
0081.jpg,332,133,no_comercial,194,45,253,106
0083.jpg,332,133,no_comercial,70,22,229,104
0083.jpg,332,133,no_comercial,221,39,299,107
0083.jpg,332,133,no_comercial,280,31,331,104
0087.jpg,332,133,comercial,99,56,154,112
0087.jpg,332,133,no_comercial,149,50,209,108
0087.jpg,332,133,no_comercial,212,42,281,111
0087.jpg,332,133,comercial,0,58,84,101
0088.jpg,332,133,comercial,50,55,82,102
0088.jpg,332,133,no_comercial,83,62,177,111
0088.jpg,332,133,no_comercial,181,56,262,111
0088.jpg,332,133,comercial,263,61,331,106
0089.jpg,332,133,no_comercial,25,59,59,96
0089.jpg,332,133,no_comercial,52,58,79,101
0089.jpg,332,133,no_comercial,80,54,120,97
0089.jpg,332,133,no_comercial,111,34,146,106
0089.jpg,332,133,no_comercial,143,12,187,107
0089.jpg,332,133,no_comercial,190,14,234,106
0089.jpg,332,133,no_comercial,233,9,286,109
0099.jpg,332,133,no_comercial,0,39,331,103
0107.jpg,332,133,no_comercial,89,53,145,103
0107.jpg,332,133,comercial,187,71,213,100
0107.jpg,332,133,no_comercial,153,56,185,105
0107.jpg,332,133,comercial,242,69,268,105
0107.jpg,332,133,no_comercial,212,63,236,103
0108.jpg,332,133,no_comercial,200,47,244,89
0108.jpg,332,133,no_comercial,166,47,195,85
0108.jpg,332,133,no_comercial,119,45,160,89
0108.jpg,332,133,no_comercial,77,43,117,84
0108.jpg,332,133,no_comercial,31,39,77,86
0109.jpg,332,133,no_comercial,19,28,66,92
0109.jpg,332,133,no_comercial,66,28,111,91
0109.jpg,332,133,no_comercial,113,31,167,89
0109.jpg,332,133,no_comercial,171,37,216,85
0109.jpg,332,133,no_comercial,221,38,252,86
0109.jpg,332,133,no_comercial,255,39,315,84
0110.jpg,332,133,no_comercial,92,67,154,129
0110.jpg,332,133,no_comercial,190,61,260,112
0111.jpg,332,133,no_comercial,72,53,176,112
0111.jpg,332,133,comercial,231,61,292,113
0111.jpg,332,133,no_comercial,175,24,233,114
0115.jpg,332,133,no_comercial,1,30,331,102
0127.jpg,332,133,no_comercial,0,43,226,109
0128.jpg,332,133,no_comercial,0,57,331,102
0131.jpg,332,133,comercial,101,60,132,92
0131.jpg,332,133,no_comercial,66,64,100,87
0134.jpg,332,133,no_comercial,0,44,331,106
0137.jpg,332,133,no_comercial,0,20,331,110
0151.jpg,332,133,comercial,189,65,229,126
0151.jpg,332,133,comercial,0,64,69,121
0151.jpg,332,133,comercial,151,55,190,130
0151.jpg,332,133,no_comercial,69,77,148,121
0169.jpg,332,133,no_comercial,123,57,331,102
0174.jpg,332,133,no_comercial,51,57,114,95
0174.jpg,332,133,no_comercial,112,57,202,100
0174.jpg,332,133,no_comercial,196,55,276,107
0174.jpg,332,133,no_comercial,271,55,329,113
0182.jpg,332,133,no_comercial,191,66,331,112
0182.jpg,332,133,no_comercial,0,59,124,107
0186.jpg,332,133,no_comercial,0,28,331,113
0189.jpg,332,133,no_comercial,0,32,331,110
0195.jpg,332,133,no_comercial,0,40,331,100
0208.jpg,332,133,comercial,24,61,65,98
0208.jpg,332,133,no_comercial,81,20,313,117
0225.jpg,332,133,comercial,83,55,154,86
0225.jpg,332,133,comercial,247,62,284,96
0225.jpg,332,133,no_comercial,169,55,238,92
0225.jpg,332,133,no_comercial,22,44,82,98
0232.jpg,332,133,no_comercial,1,60,330,117
0233.jpg,332,133,comercial,179,62,244,107
0233.jpg,332,133,comercial,155,66,187,105
0233.jpg,332,133,no_comercial,38,50,143,102
0233.jpg,332,133,no_comercial,249,9,326,115
0235.jpg,332,133,no_comercial,1,44,327,121
0255.jpg,332,133,no_comercial,0,38,331,119
0257.jpg,332,133,comercial,270,40,310,90
0257.jpg,332,133,comercial,309,44,331,92
0269.jpg,332,133,no_comercial,229,37,284,96
0269.jpg,332,133,no_comercial,155,23,217,104
0269.jpg,332,133,comercial,53,59,112,102
0269.jpg,332,133,no_comercial,0,11,39,120
0286.jpg,332,133,no_comercial,156,57,271,121
0286.jpg,332,133,comercial,47,62,117,127
0286.jpg,332,133,no_comercial,118,37,155,125
0286.jpg,332,133,no_comercial,0,16,45,125
0295.jpg,332,133,no_comercial,62,35,331,114
0311.jpg,332,133,no_comercial,153,42,202,101
0311.jpg,332,133,no_comercial,84,47,144,104
0311.jpg,332,133,no_comercial,51,37,79,111
0311.jpg,332,133,no_comercial,202,29,283,113
0313.jpg,332,133,no_comercial,251,42,331,116
0313.jpg,332,133,no_comercial,125,15,209,123
0313.jpg,332,133,no_comercial,0,10,70,112
0322.jpg,332,133,no_comercial,120,40,214,104
0322.jpg,332,133,no_comercial,44,24,127,95
0322.jpg,332,133,no_comercial,209,31,306,98
0327.jpg,332,133,no_comercial,135,36,200,97
0327.jpg,332,133,no_comercial,200,42,244,83
0327.jpg,332,133,no_comercial,92,41,137,86
0327.jpg,332,133,comercial,77,62,94,79
0327.jpg,332,133,no_comercial,49,44,78,84
0327.jpg,332,133,no_comercial,241,45,277,80
0334.jpg,332,133,comercial,195,62,220,101
0334.jpg,332,133,no_comercial,85,26,193,95
0345.jpg,332,133,comercial,119,59,157,87
0345.jpg,332,133,no_comercial,6,44,119,92
0345.jpg,332,133,no_comercial,164,48,285,89
0348.jpg,332,133,no_comercial,108,37,173,73
0355.jpg,332,133,comercial,193,54,250,94
0355.jpg,332,133,no_comercial,12,43,117,94
0356.jpg,332,133,no_comercial,91,36,180,106
0358.jpg,332,133,no_comercial,2,52,322,94
0378.jpg,332,133,no_comercial,121,16,265,103
0378.jpg,332,133,no_comercial,259,18,301,99
0378.jpg,332,133,no_comercial,0,41,113,92
0380.jpg,332,133,comercial,169,48,233,102
0384.jpg,332,133,comercial,173,54,267,98
0384.jpg,332,133,no_comercial,0,39,155,94
0398.jpg,332,133,no_comercial,158,59,243,96
0398.jpg,332,133,comercial,76,47,156,94
0400.jpg,332,133,no_comercial,13,45,73,96
0400.jpg,332,133,no_comercial,170,37,237,95
0400.jpg,332,133,no_comercial,231,39,287,89
0400.jpg,332,133,no_comercial,113,45,174,85
0444.jpg,332,133,no_comercial,0,45,279,110
0464.jpg,332,133,comercial,71,45,128,88
0464.jpg,332,133,comercial,129,50,156,86
0464.jpg,332,133,comercial,155,56,181,84
0464.jpg,332,133,comercial,181,58,207,85
0464.jpg,332,133,comercial,206,61,231,84
0464.jpg,332,133,comercial,231,62,259,84
0464.jpg,332,133,comercial,0,49,35,84
0464.jpg,332,133,comercial,34,56,62,86
0465.jpg,332,133,no_comercial,38,39,144,94
0465.jpg,332,133,comercial,167,46,207,82
0496.jpg,332,133,comercial,176,60,224,95
0496.jpg,332,133,no_comercial,48,53,139,85
0496.jpg,332,133,no_comercial,223,54,331,104
0502.jpg,332,133,no_comercial,208,40,283,97
0502.jpg,332,133,no_comercial,146,46,219,93
0502.jpg,332,133,no_comercial,94,10,151,93
0502.jpg,332,133,no_comercial,44,43,94,93
0507.jpg,332,133,no_comercial,0,30,331,99
0508.jpg,332,133,no_comercial,10,33,331,96
0509.jpg,332,133,no_comercial,0,29,313,115
0521.jpg,332,133,no_comercial,127,28,196,101
0521.jpg,332,133,no_comercial,248,31,300,92
0521.jpg,332,133,no_comercial,68,26,131,89
0521.jpg,332,133,no_comercial,0,38,64,88
0521.jpg,332,133,no_comercial,198,46,248,84
0531.jpg,332,133,no_comercial,98,23,331,96
0531.jpg,332,133,no_comercial,0,25,84,93
0542.jpg,332,133,no_comercial,201,33,331,99
0542.jpg,332,133,no_comercial,163,40,201,85
0542.jpg,332,133,comercial,41,57,135,97
0543.jpg,332,133,comercial,176,59,197,86
0543.jpg,332,133,comercial,66,51,107,84
0543.jpg,332,133,no_comercial,198,36,258,81
0543.jpg,332,133,no_comercial,107,36,173,82
0543.jpg,332,133,no_comercial,0,38,64,85
0555.jpg,332,133,no_comercial,165,19,328,127
0555.jpg,332,133,no_comercial,40,6,155,112
0555.jpg,332,133,no_comercial,0,12,62,105
0572.jpg,332,133,no_comercial,200,46,271,104
0572.jpg,332,133,no_comercial,278,20,331,107
0572.jpg,332,133,no_comercial,132,12,200,96
0572.jpg,332,133,no_comercial,83,48,133,94
0572.jpg,332,133,no_comercial,27,46,83,95
0573.jpg,332,133,no_comercial,125,36,288,115
0573.jpg,332,133,no_comercial,276,23,329,120
0573.jpg,332,133,no_comercial,69,52,125,115
0573.jpg,332,133,no_comercial,25,39,70,111
0622.jpg,332,133,comercial,51,15,252,102
0639.jpg,332,133,no_comercial,73,36,229,93
0644.jpg,332,133,no_comercial,45,40,167,120
0644.jpg,332,133,no_comercial,166,48,299,116
0644.jpg,332,133,no_comercial,0,48,55,121
0645.jpg,332,133,no_comercial,95,39,295,98
0645.jpg,332,133,no_comercial,0,43,97,114
0647.jpg,332,133,no_comercial,0,35,331,108
0649.jpg,332,133,no_comercial,0,23,100,77
0649.jpg,332,133,no_comercial,151,37,228,88
0649.jpg,332,133,no_comercial,237,36,287,72
0656.jpg,332,133,no_comercial,0,7,331,112
0672.jpg,332,133,no_comercial,0,27,331,118
0677.jpg,332,133,no_comercial,116,46,173,86
0677.jpg,332,133,comercial,202,65,230,84
0677.jpg,332,133,no_comercial,171,42,203,86
0677.jpg,332,133,no_comercial,67,41,116,83
0677.jpg,332,133,no_comercial,15,59,70,89
0696.jpg,332,133,comercial,2,62,38,88
0705.jpg,332,133,no_comercial,0,44,331,121
0719.jpg,332,133,no_comercial,0,31,331,103
0724.jpg,332,133,comercial,173,51,331,110
0732.jpg,332,133,no_comercial,202,37,331,94
0732.jpg,332,133,no_comercial,0,16,173,98
0763.jpg,332,133,no_comercial,0,28,331,115
0774.jpg,332,133,no_comercial,0,37,331,120
0776.jpg,332,133,no_comercial,141,28,245,93
0782.jpg,332,133,no_comercial,23,36,321,112
0790.jpg,332,133,no_comercial,64,22,331,102
0794.jpg,332,133,comercial,180,61,209,83
0797.jpg,332,133,no_comercial,16,39,331,113
0805.jpg,332,133,no_comercial,0,50,331,103
0810.jpg,332,133,no_comercial,0,50,331,106
0854.jpg,332,133,no_comercial,81,26,173,91
0854.jpg,332,133,no_comercial,172,21,218,81
0854.jpg,332,133,no_comercial,205,4,310,91
0860.jpg,332,133,no_comercial,215,36,247,81
0860.jpg,332,133,no_comercial,0,28,47,83
0861.jpg,332,133,comercial,173,52,188,74
0862.jpg,332,133,no_comercial,0,22,331,103
0875.jpg,332,133,no_comercial,52,49,186,95
0881.jpg,332,133,no_comercial,0,53,274,108
0893.jpg,332,133,no_comercial,0,42,261,116
0936.jpg,332,133,no_comercial,0,49,331,106
0937.jpg,332,133,no_comercial,0,29,331,110
0961.jpg,332,133,no_comercial,7,35,95,112
0961.jpg,332,133,no_comercial,296,53,331,98
0972.jpg,332,133,comercial,203,34,275,80
0972.jpg,332,133,no_comercial,0,32,198,79
0974.jpg,332,133,no_comercial,191,32,240,96
0974.jpg,332,133,no_comercial,156,29,190,88
0974.jpg,332,133,no_comercial,94,24,158,88
0977.jpg,332,133,no_comercial,55,10,156,81
0977.jpg,332,133,no_comercial,190,15,285,86
0992.jpg,332,133,comercial,67,59,115,97
0992.jpg,332,133,no_comercial,133,51,215,103
0992.jpg,332,133,no_comercial,217,37,284,92
0992.jpg,332,133,no_comercial,283,37,331,90
0993.jpg,332,133,no_comercial,102,18,184,105
0993.jpg,332,133,no_comercial,32,22,110,100
1001.jpg,332,133,comercial,76,54,154,99
1001.jpg,332,133,comercial,174,54,210,95
1001.jpg,332,133,comercial,210,52,243,98
1001.jpg,332,133,comercial,239,57,297,102
1001.jpg,332,133,comercial,315,58,331,101
1001.jpg,332,133,comercial,26,43,74,97
1021.jpg,332,133,no_comercial,0,55,331,118
1064.jpg,332,133,no_comercial,114,37,181,90
1064.jpg,332,133,comercial,181,60,199,82
1084.jpg,332,133,comercial,162,51,205,84
1084.jpg,332,133,comercial,251,4,331,32
1096.jpg,332,133,no_comercial,0,46,239,88
1110.jpg,332,133,no_comercial,0,37,331,120
1118.jpg,332,133,no_comercial,169,31,289,113
1118.jpg,332,133,no_comercial,56,27,178,119
1118.jpg,332,133,no_comercial,0,39,62,119
1137.jpg,332,133,no_comercial,190,44,323,96
1141.jpg,332,133,no_comercial,61,41,162,111
1141.jpg,332,133,no_comercial,158,50,223,109
1141.jpg,332,133,no_comercial,232,53,330,118
1148.jpg,332,133,no_comercial,249,43,331,113
1148.jpg,332,133,no_comercial,151,40,254,118
1148.jpg,332,133,no_comercial,42,25,156,109
1154.jpg,332,133,no_comercial,0,47,331,124
1208.jpg,332,133,no_comercial,54,46,171,85
1208.jpg,332,133,no_comercial,207,42,331,86
1230.jpg,332,133,no_comercial,0,44,331,113
1231.jpg,332,133,comercial,0,42,99,97
1231.jpg,332,133,no_comercial,95,51,331,110
1261.jpg,332,133,comercial,274,54,331,87
1261.jpg,332,133,comercial,233,57,267,85
1280.jpg,332,133,comercial,25,58,72,91
1280.jpg,332,133,comercial,178,61,218,94
1280.jpg,332,133,comercial,220,61,268,91
1280.jpg,332,133,comercial,109,64,131,91
1280.jpg,332,133,comercial,73,64,96,88
1280.jpg,332,133,comercial,135,63,167,88
1280.jpg,332,133,comercial,291,59,308,82
1280.jpg,332,133,comercial,255,59,292,87
1280.jpg,332,133,comercial,312,58,331,81
1286.jpg,332,133,comercial,142,54,169,88
1286.jpg,332,133,comercial,233,55,268,85
1286.jpg,332,133,comercial,261,63,317,85
1307.jpg,332,133,comercial,178,46,220,89
1316.jpg,332,133,comercial,224,61,287,93
1316.jpg,332,133,comercial,83,55,124,96
1316.jpg,332,133,comercial,292,33,331,98
1331.jpg,332,133,comercial,134,66,146,74
1331.jpg,332,133,comercial,171,65,182,73
1331.jpg,332,133,comercial,112,67,124,74
1335.jpg,332,133,comercial,121,62,158,87
1335.jpg,332,133,comercial,164,67,172,79
1335.jpg,332,133,comercial,171,67,182,77
1335.jpg,332,133,comercial,233,64,259,78
1335.jpg,332,133,comercial,197,62,232,80
1336.jpg,332,133,comercial,167,59,212,72
1336.jpg,332,133,comercial,210,53,265,72
1339.jpg,332,133,comercial,242,35,282,78
1343.jpg,332,133,comercial,259,47,295,91
1343.jpg,332,133,comercial,227,46,260,90
1343.jpg,332,133,comercial,106,47,188,82
1364.jpg,332,133,no_comercial,0,23,80,96
1364.jpg,332,133,no_comercial,76,34,165,118
1364.jpg,332,133,no_comercial,196,34,281,115
1372.jpg,332,133,no_comercial,0,44,331,119
1376.jpg,332,133,comercial,275,61,331,99
1376.jpg,332,133,comercial,44,66,95,94
1376.jpg,332,133,no_comercial,129,43,173,92
1388.jpg,332,133,no_comercial,165,48,231,119
1388.jpg,332,133,no_comercial,230,63,261,125
1388.jpg,332,133,no_comercial,0,29,116,86
1389.jpg,332,133,no_comercial,0,33,331,98
1390.jpg,332,133,no_comercial,0,29,331,125
1402.jpg,332,133,no_comercial,202,47,262,102
1403.jpg,332,133,comercial,7,39,55,92
1403.jpg,332,133,comercial,65,47,96,99
1403.jpg,332,133,comercial,197,56,240,105
1408.jpg,332,133,no_comercial,0,15,331,118
1417.jpg,332,133,no_comercial,172,48,238,105
1417.jpg,332,133,no_comercial,237,51,304,104
1417.jpg,332,133,no_comercial,78,55,172,105
1423.jpg,332,133,no_comercial,0,16,331,105
1426.jpg,332,133,no_comercial,155,53,223,90
1426.jpg,332,133,no_comercial,222,55,289,90
1426.jpg,332,133,no_comercial,104,53,158,90
1426.jpg,332,133,comercial,37,58,105,95
1429.jpg,332,133,comercial,165,60,237,94
1429.jpg,332,133,no_comercial,101,59,164,90
1445.jpg,332,133,no_comercial,0,36,43,84
1445.jpg,332,133,comercial,47,53,103,83
1445.jpg,332,133,no_comercial,193,49,249,110
1445.jpg,332,133,no_comercial,106,54,188,79
1447.jpg,332,133,no_comercial,0,35,331,109
1449.jpg,332,133,comercial,143,52,238,103
1449.jpg,332,133,comercial,229,48,331,105
1449.jpg,332,133,comercial,71,40,145,103
1449.jpg,332,133,comercial,1,45,72,106
1460.jpg,332,133,comercial,151,48,183,93
1460.jpg,332,133,comercial,182,47,213,88
1460.jpg,332,133,comercial,238,59,261,87
1460.jpg,332,133,comercial,259,44,304,83
1460.jpg,332,133,comercial,305,50,331,87
1460.jpg,332,133,comercial,76,54,121,93
1460.jpg,332,133,comercial,124,63,153,90
1460.jpg,332,133,comercial,4,57,71,88
1465.jpg,332,133,no_comercial,0,27,331,108
1469.jpg,332,133,comercial,64,43,125,99
1469.jpg,332,133,comercial,143,52,189,92
1469.jpg,332,133,comercial,192,52,242,95
1469.jpg,332,133,comercial,242,53,283,98
1469.jpg,332,133,comercial,282,56,329,94
1469.jpg,332,133,no_comercial,0,52,41,98
1484.jpg,332,133,comercial,46,43,101,98
1484.jpg,332,133,comercial,217,62,238,92
1484.jpg,332,133,comercial,233,62,279,95
1484.jpg,332,133,comercial,265,59,306,92
1484.jpg,332,133,comercial,102,62,202,95
1485.jpg,332,133,no_comercial,0,47,331,105
1487.jpg,332,133,no_comercial,0,49,331,118
1492.jpg,332,133,no_comercial,0,48,331,101
1494.jpg,332,133,comercial,137,43,198,103
1494.jpg,332,133,comercial,82,38,129,100
1494.jpg,332,133,comercial,5,62,59,92
1494.jpg,332,133,comercial,63,58,92,84
1494.jpg,332,133,comercial,223,60,235,75
1494.jpg,332,133,comercial,214,61,225,74
1494.jpg,332,133,comercial,204,62,215,73
1494.jpg,332,133,comercial,195,61,206,73
1495.jpg,332,133,comercial,132,39,251,96
1496.jpg,332,133,no_comercial,171,60,197,72
1496.jpg,332,133,no_comercial,146,62,170,74
1496.jpg,332,133,comercial,249,58,331,99
1496.jpg,332,133,comercial,16,66,113,114
1497.jpg,332,133,no_comercial,0,34,331,105
1503.jpg,332,133,comercial,160,58,204,101
1503.jpg,332,133,comercial,240,59,331,113
1503.jpg,332,133,comercial,91,55,142,103
1503.jpg,332,133,no_comercial,34,50,64,100
1503.jpg,332,133,no_comercial,204,61,238,96
1522.jpg,332,133,comercial,203,42,320,95
1522.jpg,332,133,no_comercial,158,60,205,100
1522.jpg,332,133,comercial,84,48,121,89
1522.jpg,332,133,comercial,42,38,89,85
1522.jpg,332,133,comercial,14,45,42,87
1524.jpg,332,133,no_comercial,105,24,331,93
1524.jpg,332,133,no_comercial,0,40,97,85
1526.jpg,332,133,no_comercial,0,51,331,115
1534.jpg,332,133,comercial,71,30,171,112
1534.jpg,332,133,comercial,201,49,278,116
1534.jpg,332,133,comercial,292,42,331,110
1535.jpg,332,133,comercial,18,53,96,92
1535.jpg,332,133,no_comercial,116,58,146,87
1535.jpg,332,133,no_comercial,143,61,159,82
1535.jpg,332,133,no_comercial,247,58,331,111
1536.jpg,332,133,no_comercial,0,47,331,103
1539.jpg,332,133,no_comercial,0,37,331,109
1547.jpg,332,133,no_comercial,0,40,331,120
1554.jpg,332,133,no_comercial,0,42,331,115
1571.jpg,332,133,comercial,174,65,322,106
1571.jpg,332,133,comercial,265,59,331,97
1571.jpg,332,133,comercial,120,57,164,102
1571.jpg,332,133,no_comercial,0,64,73,109
1573.jpg,332,133,no_comercial,32,30,247,121
1573.jpg,332,133,no_comercial,247,61,312,125
1575.jpg,332,133,comercial,158,57,217,101
1575.jpg,332,133,no_comercial,106,63,156,94
1575.jpg,332,133,no_comercial,37,59,68,83
1578.jpg,332,133,no_comercial,164,72,224,103
1578.jpg,332,133,no_comercial,237,72,283,106
1578.jpg,332,133,no_comercial,72,59,109,98
1578.jpg,332,133,no_comercial,32,62,71,96
1578.jpg,332,133,comercial,110,71,139,99
1581.jpg,332,133,no_comercial,0,33,331,112
1583.jpg,332,133,no_comercial,89,41,140,95
1583.jpg,332,133,no_comercial,128,53,173,93
1583.jpg,332,133,no_comercial,172,61,196,95
1583.jpg,332,133,no_comercial,197,44,223,82
1583.jpg,332,133,no_comercial,224,52,265,90
1583.jpg,332,133,no_comercial,262,62,296,95
1583.jpg,332,133,no_comercial,0,31,87,100
1596.jpg,332,133,comercial,72,46,151,106
1596.jpg,332,133,no_comercial,28,47,79,110
1596.jpg,332,133,no_comercial,215,37,331,117
1605.jpg,332,133,no_comercial,230,52,331,85
1605.jpg,332,133,no_comercial,0,45,59,99
1605.jpg,332,133,no_comercial,99,48,222,106
1612.jpg,332,133,no_comercial,0,42,331,104
1613.jpg,332,133,no_comercial,0,54,331,113
1615.jpg,332,133,no_comercial,0,48,331,115
1617.jpg,332,133,comercial,123,50,176,92
1617.jpg,332,133,comercial,190,50,230,91
1617.jpg,332,133,comercial,26,57,73,92
1617.jpg,332,133,comercial,0,53,21,85
1617.jpg,332,133,no_comercial,256,52,323,106
1621.jpg,332,133,no_comercial,0,30,331,112
1623.jpg,332,133,comercial,197,72,217,89
1623.jpg,332,133,comercial,180,70,197,90
1623.jpg,332,133,comercial,145,61,179,92
1623.jpg,332,133,comercial,216,72,244,96
1623.jpg,332,133,comercial,243,74,269,95
1623.jpg,332,133,comercial,267,77,289,98
1623.jpg,332,133,comercial,289,81,308,100
1623.jpg,332,133,no_comercial,0,53,130,92
1624.jpg,332,133,no_comercial,0,42,331,119
1647.jpg,332,133,comercial,289,34,324,61
1647.jpg,332,133,comercial,242,37,272,56
1647.jpg,332,133,comercial,226,56,328,91
1647.jpg,332,133,comercial,115,0,331,100
1647.jpg,332,133,no_comercial,0,20,111,85
1649.jpg,332,133,no_comercial,0,47,331,113
1658.jpg,332,133,no_comercial,0,43,331,99
1659.jpg,332,133,no_comercial,0,38,331,109
1661.jpg,332,133,no_comercial,0,40,94,121
1661.jpg,332,133,no_comercial,93,41,198,120
1661.jpg,332,133,no_comercial,197,49,293,120
1663.jpg,332,133,no_comercial,48,38,331,113
1669.jpg,332,133,comercial,22,52,106,130
1669.jpg,332,133,no_comercial,146,55,216,127
1669.jpg,332,133,no_comercial,216,53,268,126
1669.jpg,332,133,no_comercial,261,59,331,130
1676.jpg,332,133,no_comercial,186,34,284,118
1676.jpg,332,133,no_comercial,116,33,193,95
1676.jpg,332,133,no_comercial,0,32,120,98
1677.jpg,332,133,no_comercial,0,47,331,112
1680.jpg,332,133,comercial,100,47,143,84
1680.jpg,332,133,comercial,166,62,185,86
1680.jpg,332,133,no_comercial,55,57,103,94
1680.jpg,332,133,no_comercial,223,49,272,94
1686.jpg,332,133,comercial,266,59,289,75
1686.jpg,332,133,comercial,291,57,306,74
1686.jpg,332,133,comercial,307,61,319,75
1686.jpg,332,133,comercial,211,52,265,78
1686.jpg,332,133,comercial,191,61,212,76
1686.jpg,332,133,comercial,165,64,187,75
1686.jpg,332,133,comercial,114,64,141,79
1686.jpg,332,133,comercial,144,63,165,78
1686.jpg,332,133,comercial,98,64,114,79
1686.jpg,332,133,no_comercial,74,64,96,79
1686.jpg,332,133,comercial,51,63,74,79
1686.jpg,332,133,comercial,27,64,43,79
1686.jpg,332,133,comercial,9,65,28,81
1688.jpg,332,133,comercial,159,60,177,83
1688.jpg,332,133,comercial,119,59,145,81
1688.jpg,332,133,no_comercial,183,54,331,91
1690.jpg,332,133,no_comercial,108,52,222,105
1695.jpg,332,133,comercial,212,58,253,105
1695.jpg,332,133,comercial,292,57,331,116
1695.jpg,332,133,comercial,179,59,214,105
1695.jpg,332,133,comercial,114,64,168,96
1695.jpg,332,133,comercial,71,63,116,96
1695.jpg,332,133,comercial,24,53,64,91
1695.jpg,332,133,comercial,0,42,27,82
1695.jpg,332,133,comercial,18,27,84,63
1700.jpg,332,133,no_comercial,77,51,140,84
1700.jpg,332,133,no_comercial,134,47,204,88
1700.jpg,332,133,comercial,279,61,331,89
1700.jpg,332,133,no_comercial,206,43,276,93
1700.jpg,332,133,no_comercial,31,55,82,89
1709.jpg,332,133,no_comercial,101,54,331,112
1709.jpg,332,133,no_comercial,0,57,101,107
1715.jpg,332,133,comercial,287,59,325,92
1715.jpg,332,133,comercial,211,63,269,84
1715.jpg,332,133,comercial,189,60,198,75
1715.jpg,332,133,comercial,183,63,189,75
1720.jpg,332,133,no_comercial,0,53,197,111
1724.jpg,332,133,comercial,108,38,150,75
1724.jpg,332,133,comercial,173,52,210,75
1724.jpg,332,133,comercial,210,53,242,76
1728.jpg,332,133,no_comercial,0,25,331,100
1729.jpg,332,133,no_comercial,174,46,294,97
1729.jpg,332,133,no_comercial,0,32,172,87
1738.jpg,332,133,no_comercial,0,43,331,101
1740.jpg,332,133,no_comercial,2,47,329,121
1744.jpg,332,133,comercial,162,59,188,72
1744.jpg,332,133,comercial,193,64,201,72
1744.jpg,332,133,comercial,202,65,207,73
1744.jpg,332,133,comercial,207,66,214,74
1744.jpg,332,133,no_comercial,0,51,63,86
1744.jpg,332,133,no_comercial,250,39,328,80
1746.jpg,332,133,comercial,71,56,135,94
1757.jpg,332,133,comercial,78,57,100,89
1757.jpg,332,133,no_comercial,138,61,170,90
1757.jpg,332,133,no_comercial,171,63,219,91
1757.jpg,332,133,no_comercial,0,56,44,90
1760.jpg,332,133,comercial,133,58,208,103
1760.jpg,332,133,no_comercial,0,56,112,107
1760.jpg,332,133,no_comercial,246,48,331,94
1761.jpg,332,133,no_comercial,0,26,331,101
1772.jpg,332,133,no_comercial,0,33,64,89
1772.jpg,332,133,no_comercial,71,35,132,83
1772.jpg,332,133,no_comercial,137,33,234,79
1772.jpg,332,133,comercial,290,52,331,92
1773.jpg,332,133,comercial,235,60,273,95
1773.jpg,332,133,no_comercial,152,61,219,90
1773.jpg,332,133,no_comercial,105,56,158,91
1773.jpg,332,133,no_comercial,0,42,106,88
1778.jpg,332,133,no_comercial,73,59,204,109
1778.jpg,332,133,no_comercial,221,56,331,119
1778.jpg,332,133,no_comercial,0,52,73,116
1786.jpg,332,133,comercial,192,37,331,93
1786.jpg,332,133,comercial,68,55,93,83
1786.jpg,332,133,comercial,101,52,191,94
1786.jpg,332,133,comercial,53,58,70,81
1789.jpg,332,133,no_comercial,132,63,230,100
1789.jpg,332,133,no_comercial,218,70,331,116
1789.jpg,332,133,no_comercial,41,61,133,101
1790.jpg,332,133,no_comercial,76,33,193,114
1790.jpg,332,133,no_comercial,193,35,275,98
1790.jpg,332,133,no_comercial,271,41,331,89
1790.jpg,332,133,no_comercial,0,34,93,85
1792.jpg,332,133,no_comercial,87,55,203,103
1792.jpg,332,133,no_comercial,22,54,100,100
1792.jpg,332,133,no_comercial,193,55,281,101
1794.jpg,332,133,no_comercial,0,47,331,117
1796.jpg,332,133,comercial,253,52,297,94
1796.jpg,332,133,no_comercial,213,54,255,96
1796.jpg,332,133,no_comercial,168,59,215,97
1796.jpg,332,133,comercial,112,62,168,97
1796.jpg,332,133,no_comercial,44,54,112,91
1796.jpg,332,133,no_comercial,0,44,39,99
1800.jpg,332,133,no_comercial,0,42,331,105
1810.jpg,332,133,no_comercial,125,58,213,93
1810.jpg,332,133,comercial,66,64,81,71
1816.jpg,332,133,comercial,144,59,181,89
1816.jpg,332,133,comercial,182,55,214,86
1816.jpg,332,133,comercial,246,57,298,86
1816.jpg,332,133,comercial,104,63,145,89
1816.jpg,332,133,no_comercial,39,69,93,93
1816.jpg,332,133,comercial,0,71,39,95
1816.jpg,332,133,no_comercial,205,63,235,89
1822.jpg,332,133,comercial,0,36,117,95
1822.jpg,332,133,no_comercial,118,55,221,112
1822.jpg,332,133,no_comercial,223,64,331,115
1823.jpg,332,133,no_comercial,0,46,331,107
1826.jpg,332,133,no_comercial,0,53,331,120
1833.jpg,332,133,no_comercial,64,68,107,122
1833.jpg,332,133,no_comercial,107,73,141,124
1833.jpg,332,133,no_comercial,141,76,174,128
1833.jpg,332,133,no_comercial,211,81,331,128
1834.jpg,332,133,no_comercial,141,30,229,69
1834.jpg,332,133,no_comercial,220,18,304,71
1834.jpg,332,133,no_comercial,82,29,146,73
1834.jpg,332,133,no_comercial,41,31,86,66
1843.jpg,332,133,no_comercial,52,31,154,120
1843.jpg,332,133,no_comercial,159,25,256,123
1843.jpg,332,133,no_comercial,0,26,50,125
1845.jpg,332,133,no_comercial,0,35,331,110
1848.jpg,332,133,comercial,123,52,178,104
1848.jpg,332,133,comercial,65,48,129,104
1848.jpg,332,133,comercial,177,43,209,104
1848.jpg,332,133,comercial,201,53,273,104
1848.jpg,332,133,comercial,248,37,331,101
1848.jpg,332,133,comercial,299,59,331,113
1848.jpg,332,133,comercial,30,59,72,103
1848.jpg,332,133,comercial,0,58,38,103
1854.jpg,332,133,no_comercial,0,41,169,85
1854.jpg,332,133,no_comercial,173,63,188,79
1854.jpg,332,133,no_comercial,188,67,204,79
1854.jpg,332,133,no_comercial,203,67,221,81
1854.jpg,332,133,no_comercial,220,66,243,80
1854.jpg,332,133,comercial,310,56,331,73
1854.jpg,332,133,no_comercial,269,57,307,72
1854.jpg,332,133,no_comercial,242,60,270,76
1856.jpg,332,133,no_comercial,0,28,331,104
1858.jpg,332,133,comercial,188,52,219,81
1858.jpg,332,133,comercial,115,52,158,81
1858.jpg,332,133,comercial,12,61,43,80
1858.jpg,332,133,comercial,49,62,68,76
1858.jpg,332,133,comercial,67,63,96,79
1858.jpg,332,133,comercial,284,58,304,75
1864.jpg,332,133,no_comercial,0,43,331,104
1867.jpg,332,133,no_comercial,10,34,331,109
1868.jpg,332,133,no_comercial,204,40,331,98
1868.jpg,332,133,no_comercial,115,54,203,100
1868.jpg,332,133,no_comercial,0,45,120,107
1869.jpg,332,133,no_comercial,0,33,331,107
1876.jpg,332,133,comercial,154,55,191,90
1876.jpg,332,133,comercial,191,54,234,87
1876.jpg,332,133,comercial,0,46,55,88
1876.jpg,332,133,no_comercial,57,56,112,91
1877.jpg,332,133,no_comercial,0,40,331,118
1885.jpg,332,133,no_comercial,176,49,289,107
1885.jpg,332,133,no_comercial,16,43,120,92
1887.jpg,332,133,no_comercial,0,49,331,99
1888.jpg,332,133,no_comercial,0,42,331,122
1893.jpg,332,133,comercial,50,56,106,97
1893.jpg,332,133,no_comercial,102,57,173,97
1893.jpg,332,133,no_comercial,169,62,241,95
1893.jpg,332,133,no_comercial,236,59,289,101
1902.jpg,332,133,comercial,52,51,148,86
1902.jpg,332,133,comercial,186,49,216,93
1912.jpg,332,133,no_comercial,0,48,76,92
1912.jpg,332,133,no_comercial,122,46,195,93
1912.jpg,332,133,no_comercial,209,48,331,101
1915.jpg,332,133,no_comercial,88,29,331,105
1936.jpg,332,133,no_comercial,71,48,150,99
1936.jpg,332,133,no_comercial,0,55,70,111
1936.jpg,332,133,no_comercial,172,36,330,102
1938.jpg,332,133,no_comercial,0,43,331,115
1945.jpg,332,133,no_comercial,0,39,331,113
1950.jpg,332,133,no_comercial,0,40,216,98
1950.jpg,332,133,no_comercial,218,55,329,81
1951.jpg,332,133,no_comercial,142,46,247,103
1951.jpg,332,133,no_comercial,0,43,113,95
1951.jpg,332,133,no_comercial,259,48,331,104
1957.jpg,332,133,no_comercial,0,37,331,117
1958.jpg,332,133,comercial,52,46,134,83
1958.jpg,332,133,comercial,205,60,230,79
1960.jpg,332,133,no_comercial,107,35,207,113
1960.jpg,332,133,no_comercial,204,32,298,111
1960.jpg,332,133,no_comercial,30,41,108,113
1961.jpg,332,133,no_comercial,0,31,97,105
1961.jpg,332,133,no_comercial,112,37,257,114
1961.jpg,332,133,no_comercial,271,48,331,114
1967.jpg,332,133,no_comercial,62,38,331,107
1980.jpg,332,133,comercial,230,34,285,73
1993.jpg,332,133,no_comercial,0,43,331,111
1995.jpg,332,133,comercial,0,58,28,93
1995.jpg,332,133,comercial,15,45,98,95
1995.jpg,332,133,comercial,96,52,129,93
1995.jpg,332,133,comercial,124,52,162,98
1995.jpg,332,133,comercial,188,50,212,93
1995.jpg,332,133,comercial,159,52,192,95
1995.jpg,332,133,comercial,227,45,281,90
1995.jpg,332,133,comercial,281,59,326,103
1995.jpg,332,133,comercial,302,67,331,91
2000.jpg,332,133,no_comercial,0,45,331,112
2003.jpg,332,133,comercial,253,60,331,97
2003.jpg,332,133,comercial,213,56,245,94
2003.jpg,332,133,comercial,176,59,215,91
2003.jpg,332,133,comercial,134,60,177,92
2003.jpg,332,133,comercial,110,59,134,89
2003.jpg,332,133,comercial,84,61,121,86
2003.jpg,332,133,comercial,47,61,80,86
2003.jpg,332,133,comercial,39,61,60,88
2003.jpg,332,133,comercial,29,52,46,85
2003.jpg,332,133,comercial,11,51,31,83
2005.jpg,332,133,no_comercial,0,33,331,93
2006.jpg,332,133,no_comercial,0,43,107,91
2006.jpg,332,133,comercial,120,41,255,100
2006.jpg,332,133,no_comercial,257,41,331,103
2008.jpg,332,133,comercial,288,60,331,79
2008.jpg,332,133,no_comercial,200,59,242,85
2008.jpg,332,133,no_comercial,135,65,164,90
2008.jpg,332,133,no_comercial,80,66,115,92
2010.jpg,332,133,no_comercial,85,54,225,106
2010.jpg,332,133,comercial,1,56,49,96
2010.jpg,332,133,no_comercial,228,57,331,110
2013.jpg,332,133,no_comercial,0,43,138,83
2013.jpg,332,133,no_comercial,171,51,331,102
2018.jpg,332,133,no_comercial,0,38,331,117
2023.jpg,332,133,no_comercial,97,63,152,98
2023.jpg,332,133,no_comercial,152,63,177,99
2023.jpg,332,133,no_comercial,172,61,203,103
2023.jpg,332,133,no_comercial,253,55,281,86
2023.jpg,332,133,no_comercial,0,50,96,103
2024.jpg,332,133,comercial,106,57,156,87
2024.jpg,332,133,comercial,270,60,331,98
2024.jpg,332,133,no_comercial,172,52,211,94
2024.jpg,332,133,no_comercial,50,45,104,92
2032.jpg,332,133,comercial,139,58,194,105
2032.jpg,332,133,comercial,186,58,237,108
2032.jpg,332,133,comercial,224,60,271,102
2032.jpg,332,133,comercial,280,50,331,110
2032.jpg,332,133,comercial,89,37,136,72
2032.jpg,332,133,comercial,34,59,108,111
2032.jpg,332,133,comercial,174,44,211,67
2032.jpg,332,133,comercial,207,42,236,66
2039.jpg,332,133,no_comercial,208,43,280,98
2039.jpg,332,133,no_comercial,92,38,153,89
2039.jpg,332,133,no_comercial,0,25,57,101
2039.jpg,332,133,no_comercial,279,43,327,116
2055.jpg,332,133,no_comercial,0,44,331,109
2060.jpg,332,133,no_comercial,0,41,331,110
2063.jpg,332,133,no_comercial,0,42,331,106
2065.jpg,332,133,comercial,210,55,259,83
2065.jpg,332,133,comercial,196,59,212,73
2065.jpg,332,133,comercial,121,53,184,91
2065.jpg,332,133,comercial,80,56,116,84
2065.jpg,332,133,comercial,50,55,86,84
2065.jpg,332,133,comercial,29,57,54,80
2065.jpg,332,133,no_comercial,0,51,31,88
2072.jpg,332,133,no_comercial,0,42,329,113
2074.jpg,332,133,no_comercial,170,45,331,121
2074.jpg,332,133,no_comercial,0,52,130,119
2077.jpg,332,133,no_comercial,0,44,331,108
2092.jpg,332,133,no_comercial,0,47,331,105
2095.jpg,332,133,no_comercial,0,22,331,126
2101.jpg,332,133,no_comercial,0,42,331,117
2107.jpg,332,133,no_comercial,214,64,316,118
2107.jpg,332,133,no_comercial,132,58,231,119
2112.jpg,332,133,no_comercial,35,56,331,94
2113.jpg,332,133,no_comercial,59,36,188,117
2113.jpg,332,133,no_comercial,194,59,252,122
2113.jpg,332,133,no_comercial,0,48,87,111
2113.jpg,332,133,no_comercial,251,65,328,120
2116.jpg,332,133,no_comercial,150,46,169,72
2116.jpg,332,133,no_comercial,198,56,234,78
2116.jpg,332,133,comercial,179,61,190,71
2116.jpg,332,133,no_comercial,239,50,260,76
2117.jpg,332,133,no_comercial,0,45,331,107
2121.jpg,332,133,no_comercial,29,59,89,93
2121.jpg,332,133,no_comercial,89,63,145,90
2121.jpg,332,133,no_comercial,148,62,224,99
2133.jpg,332,133,no_comercial,0,37,331,120
2136.jpg,332,133,comercial,224,48,268,106
2136.jpg,332,133,comercial,261,46,331,106
2136.jpg,332,133,comercial,0,51,35,75
2136.jpg,332,133,comercial,56,56,84,74
2136.jpg,332,133,no_comercial,151,61,228,104
2141.jpg,332,133,no_comercial,194,48,280,102
2141.jpg,332,133,no_comercial,136,46,205,90
2141.jpg,332,133,no_comercial,64,42,136,101
2141.jpg,332,133,no_comercial,0,43,89,91
2143.jpg,332,133,comercial,30,44,87,96
2143.jpg,332,133,comercial,165,49,228,101
2143.jpg,332,133,no_comercial,252,45,331,105
2143.jpg,332,133,no_comercial,81,52,168,98
2144.jpg,332,133,comercial,0,40,36,106
2144.jpg,332,133,comercial,38,53,79,100
2144.jpg,332,133,comercial,289,49,331,96
2144.jpg,332,133,no_comercial,172,51,246,102
2147.jpg,332,133,no_comercial,0,32,237,94
2171.jpg,332,133,no_comercial,200,52,289,99
2171.jpg,332,133,no_comercial,152,55,200,83
2171.jpg,332,133,no_comercial,0,40,156,95
2178.jpg,332,133,no_comercial,0,42,331,112
2180.jpg,332,133,comercial,20,71,55,85
2180.jpg,332,133,no_comercial,66,65,139,90
2180.jpg,332,133,comercial,192,56,205,83
2180.jpg,332,133,comercial,136,65,151,79
2180.jpg,332,133,no_comercial,209,48,331,93
2184.jpg,332,133,no_comercial,242,46,331,114
2184.jpg,332,133,no_comercial,173,50,240,109
2184.jpg,332,133,no_comercial,108,56,169,102
2194.jpg,332,133,comercial,0,28,114,128
2194.jpg,332,133,comercial,100,54,195,102
2194.jpg,332,133,comercial,191,43,280,105
2194.jpg,332,133,no_comercial,292,49,331,89
2201.jpg,332,133,comercial,102,36,159,83
2201.jpg,332,133,comercial,157,32,197,77
2201.jpg,332,133,comercial,205,51,253,82
2201.jpg,332,133,comercial,282,37,331,87
2201.jpg,332,133,comercial,0,41,73,85
2204.jpg,332,133,comercial,61,53,128,83
2204.jpg,332,133,comercial,158,53,181,80
2204.jpg,332,133,comercial,239,53,277,83
2208.jpg,332,133,no_comercial,0,42,331,125
2210.jpg,332,133,no_comercial,0,51,275,92
2210.jpg,332,133,comercial,275,64,323,77
2214.jpg,332,133,no_comercial,140,38,212,93
2214.jpg,332,133,no_comercial,213,50,248,94
2214.jpg,332,133,no_comercial,102,46,139,90
2214.jpg,332,133,no_comercial,71,44,106,81
2215.jpg,332,133,no_comercial,0,41,331,110
2216.jpg,332,133,no_comercial,0,46,331,120
2221.jpg,332,133,no_comercial,163,51,229,84
2221.jpg,332,133,no_comercial,96,32,162,76
2221.jpg,332,133,no_comercial,37,31,96,70
2231.jpg,332,133,comercial,236,58,281,86
2231.jpg,332,133,no_comercial,0,46,124,87
2231.jpg,332,133,no_comercial,116,58,238,91
2234.jpg,332,133,no_comercial,0,57,331,123
2244.jpg,332,133,no_comercial,0,45,331,109
2245.jpg,332,133,comercial,172,61,198,82
2245.jpg,332,133,comercial,196,65,223,84
2245.jpg,332,133,comercial,263,64,316,86
2245.jpg,332,133,no_comercial,106,55,148,82
2248.jpg,332,133,no_comercial,0,54,331,112
2254.jpg,332,133,no_comercial,0,39,331,104
2259.jpg,332,133,no_comercial,35,24,122,112
2259.jpg,332,133,no_comercial,127,12,182,113
2259.jpg,332,133,comercial,185,20,236,113
2259.jpg,332,133,comercial,234,27,301,73
2259.jpg,332,133,comercial,8,54,34,104
2261.jpg,332,133,no_comercial,0,50,331,111
2265.jpg,332,133,comercial,164,60,204,97
2265.jpg,332,133,no_comercial,83,59,142,99
2265.jpg,332,133,comercial,26,41,88,95
2265.jpg,332,133,no_comercial,215,50,274,93
2271.jpg,332,133,no_comercial,0,39,331,123
2281.jpg,332,133,no_comercial,147,44,225,108
2281.jpg,332,133,no_comercial,229,44,297,109
2281.jpg,332,133,no_comercial,71,36,148,106
2281.jpg,332,133,no_comercial,0,33,82,102
2283.jpg,332,133,no_comercial,0,37,331,95
2284.jpg,332,133,no_comercial,1,47,331,104
2291.jpg,332,133,no_comercial,102,56,158,90
2291.jpg,332,133,no_comercial,158,56,210,92
2291.jpg,332,133,no_comercial,212,59,256,89
2291.jpg,332,133,no_comercial,55,53,105,87
2294.jpg,332,133,no_comercial,123,48,233,116
2294.jpg,332,133,no_comercial,29,49,125,104
2294.jpg,332,133,no_comercial,227,43,331,100
2296.jpg,332,133,comercial,225,62,258,99
2296.jpg,332,133,no_comercial,4,67,50,100
2296.jpg,332,133,no_comercial,83,63,141,105
2297.jpg,332,133,comercial,271,61,303,89
2297.jpg,332,133,no_comercial,223,60,270,89
2297.jpg,332,133,no_comercial,110,57,220,90
2297.jpg,332,133,comercial,0,44,68,94
2298.jpg,332,133,no_comercial,204,44,331,94
2298.jpg,332,133,comercial,158,54,204,86
2298.jpg,332,133,comercial,96,61,140,81
2298.jpg,332,133,no_comercial,0,43,74,94
2313.jpg,332,133,no_comercial,125,38,193,104
2313.jpg,332,133,comercial,241,53,299,93
2313.jpg,332,133,no_comercial,41,42,126,94
2315.jpg,332,133,no_comercial,0,38,331,118
2321.jpg,332,133,comercial,132,39,193,103
2321.jpg,332,133,comercial,46,42,129,131
2321.jpg,332,133,comercial,5,64,47,100
2321.jpg,332,133,no_comercial,209,45,331,98
2324.jpg,332,133,no_comercial,0,26,331,106
2328.jpg,332,133,comercial,128,61,160,88
2328.jpg,332,133,comercial,171,44,211,83
2328.jpg,332,133,comercial,60,49,104,95
2330.jpg,332,133,comercial,62,42,89,97
2330.jpg,332,133,no_comercial,136,55,260,89
2330.jpg,332,133,no_comercial,0,49,34,93
2332.jpg,332,133,no_comercial,170,61,265,112
2332.jpg,332,133,no_comercial,0,52,169,97
2341.jpg,332,133,no_comercial,0,42,331,124
2351.jpg,332,133,no_comercial,0,35,331,111
2357.jpg,332,133,no_comercial,142,37,331,122
2357.jpg,332,133,no_comercial,0,43,137,97
2359.jpg,332,133,comercial,60,59,98,100
2359.jpg,332,133,no_comercial,142,60,209,100
2359.jpg,332,133,no_comercial,218,58,303,99
2359.jpg,332,133,no_comercial,0,55,59,103
2372.jpg,332,133,comercial,22,66,53,88
2372.jpg,332,133,comercial,52,68,78,86
2372.jpg,332,133,comercial,37,62,105,99
2372.jpg,332,133,comercial,110,69,135,88
2372.jpg,332,133,comercial,234,58,256,81
2372.jpg,332,133,comercial,258,63,293,86
2376.jpg,332,133,no_comercial,93,54,193,102
2376.jpg,332,133,no_comercial,187,52,275,105
2376.jpg,332,133,no_comercial,262,47,331,110
2376.jpg,332,133,no_comercial,0,55,103,113
2382.jpg,332,133,no_comercial,18,45,137,92
2382.jpg,332,133,no_comercial,129,33,263,99
2389.jpg,332,133,no_comercial,15,40,331,103
2398.jpg,332,133,no_comercial,83,58,158,86
2398.jpg,332,133,no_comercial,155,60,180,80
2398.jpg,332,133,no_comercial,230,57,258,86
2398.jpg,332,133,no_comercial,272,57,331,85
2403.jpg,332,133,no_comercial,0,46,331,125
2408.jpg,332,133,comercial,134,53,170,82
2408.jpg,332,133,no_comercial,164,54,202,81
2408.jpg,332,133,comercial,23,60,74,83
2408.jpg,332,133,no_comercial,76,55,103,79
2408.jpg,332,133,comercial,249,61,267,78
2408.jpg,332,133,no_comercial,197,59,235,76
2409.jpg,332,133,no_comercial,4,34,112,107
2409.jpg,332,133,no_comercial,119,47,206,112
2409.jpg,332,133,no_comercial,216,50,329,118
2410.jpg,332,133,no_comercial,0,29,143,103
2410.jpg,332,133,no_comercial,142,22,302,94
2413.jpg,332,133,comercial,127,34,214,103
2413.jpg,332,133,no_comercial,215,46,331,105
2413.jpg,332,133,comercial,0,38,126,101
2414.jpg,332,133,comercial,28,41,309,125
2426.jpg,332,133,no_comercial,17,41,87,102
2426.jpg,332,133,no_comercial,146,49,190,88
2426.jpg,332,133,no_comercial,186,46,218,92
2426.jpg,332,133,no_comercial,236,47,305,86
2433.jpg,332,133,comercial,65,51,127,89
2433.jpg,332,133,comercial,1,56,65,103
2433.jpg,332,133,no_comercial,127,39,319,109
2441.jpg,332,133,comercial,132,65,186,110
2441.jpg,332,133,no_comercial,199,66,269,121
2441.jpg,332,133,no_comercial,253,68,313,118
2441.jpg,332,133,comercial,0,64,101,106
2449.jpg,332,133,no_comercial,0,42,331,115
2450.jpg,332,133,no_comercial,0,32,331,118
2452.jpg,332,133,no_comercial,0,36,331,119
2453.jpg,332,133,comercial,250,53,323,106
2453.jpg,332,133,no_comercial,103,53,229,108
2453.jpg,332,133,no_comercial,2,48,96,106
2460.jpg,332,133,no_comercial,0,33,83,101
2460.jpg,332,133,no_comercial,72,40,131,99
2460.jpg,332,133,no_comercial,145,50,331,108
2480.jpg,332,133,no_comercial,0,25,331,84
2481.jpg,332,133,no_comercial,0,41,331,97
2498.jpg,332,133,comercial,51,48,144,103
2498.jpg,332,133,no_comercial,195,32,280,90
2498.jpg,332,133,no_comercial,278,31,331,106
2499.jpg,332,133,no_comercial,99,29,331,114
2499.jpg,332,133,no_comercial,6,46,98,100
2500.jpg,332,133,no_comercial,106,51,247,105
2500.jpg,332,133,no_comercial,0,38,109,105
2500.jpg,332,133,no_comercial,244,35,331,86
2511.jpg,332,133,no_comercial,0,39,27,80
2511.jpg,332,133,no_comercial,22,38,55,74
2511.jpg,332,133,no_comercial,55,40,80,75
2511.jpg,332,133,no_comercial,80,42,105,79
2511.jpg,332,133,no_comercial,105,46,149,80
2511.jpg,332,133,no_comercial,144,41,187,81
2511.jpg,332,133,no_comercial,201,50,241,86
2511.jpg,332,133,no_comercial,235,55,280,94
2536.jpg,332,133,comercial,176,62,220,83
2536.jpg,332,133,comercial,215,59,267,83
2536.jpg,332,133,no_comercial,0,57,166,101
2536.jpg,332,133,no_comercial,272,43,331,91
2538.jpg,332,133,comercial,255,38,331,90
2538.jpg,332,133,comercial,130,44,194,92
2538.jpg,332,133,no_comercial,198,43,253,94
2538.jpg,332,133,no_comercial,86,41,127,90
2538.jpg,332,133,comercial,47,55,92,94
2538.jpg,332,133,comercial,24,55,68,96
2538.jpg,332,133,no_comercial,0,45,29,101
2540.jpg,332,133,no_comercial,0,34,82,90
2540.jpg,332,133,no_comercial,75,29,145,91
2540.jpg,332,133,no_comercial,123,26,176,96
2540.jpg,332,133,comercial,177,60,236,89
2540.jpg,332,133,no_comercial,240,61,331,94
2546.jpg,332,133,comercial,0,30,63,79
2546.jpg,332,133,comercial,183,52,222,77
2553.jpg,332,133,comercial,0,64,58,101
2553.jpg,332,133,no_comercial,63,61,106,104
2553.jpg,332,133,no_comercial,103,62,189,98
2553.jpg,332,133,no_comercial,188,61,255,118
2553.jpg,332,133,no_comercial,245,64,313,110
2554.jpg,332,133,no_comercial,0,30,60,85
2554.jpg,332,133,no_comercial,48,36,100,88
2554.jpg,332,133,no_comercial,96,41,157,81
2554.jpg,332,133,no_comercial,152,33,219,78
2554.jpg,332,133,comercial,222,57,276,96
2554.jpg,332,133,no_comercial,268,50,331,95
2559.jpg,332,133,no_comercial,0,29,331,106
2564.jpg,332,133,no_comercial,0,39,331,110
2566.jpg,332,133,no_comercial,0,31,331,104
2578.jpg,332,133,no_comercial,0,36,331,103
2585.jpg,332,133,no_comercial,0,38,331,113
2587.jpg,332,133,no_comercial,0,37,331,115
2590.jpg,332,133,comercial,158,50,184,73
2590.jpg,332,133,comercial,181,52,192,73
2590.jpg,332,133,no_comercial,246,50,331,85
2590.jpg,332,133,comercial,109,61,134,75
2590.jpg,332,133,comercial,132,62,143,70
2590.jpg,332,133,comercial,86,58,112,75
2590.jpg,332,133,comercial,25,56,63,74
2607.jpg,332,133,no_comercial,0,32,331,110
2610.jpg,332,133,comercial,90,43,194,93
2610.jpg,332,133,no_comercial,39,54,94,102
2610.jpg,332,133,comercial,13,44,63,85
2610.jpg,332,133,no_comercial,204,56,331,113
2619.jpg,332,133,no_comercial,0,29,331,103
2621.jpg,332,133,no_comercial,0,46,32,84
2621.jpg,332,133,comercial,38,36,96,89
2621.jpg,332,133,comercial,113,36,225,94
2621.jpg,332,133,comercial,230,25,331,96
2624.jpg,332,133,no_comercial,0,41,125,112
2624.jpg,332,133,no_comercial,133,46,331,104
2631.jpg,332,133,no_comercial,0,37,331,100
2638.jpg,332,133,no_comercial,16,36,113,104
2638.jpg,332,133,no_comercial,118,59,216,104
2638.jpg,332,133,no_comercial,218,50,331,95
2644.jpg,332,133,no_comercial,0,29,112,89
2644.jpg,332,133,no_comercial,109,43,133,86
2644.jpg,332,133,no_comercial,169,42,218,87
2644.jpg,332,133,no_comercial,223,41,331,101
2652.jpg,332,133,no_comercial,0,40,331,115
2655.jpg,332,133,no_comercial,0,39,331,92
2660.jpg,332,133,comercial,254,53,331,100
2660.jpg,332,133,comercial,224,57,270,95
2660.jpg,332,133,no_comercial,10,31,202,121
2662.jpg,332,133,comercial,188,60,221,84
2662.jpg,332,133,comercial,167,64,195,85
2662.jpg,332,133,no_comercial,104,55,159,87
2662.jpg,332,133,no_comercial,77,56,118,86
2662.jpg,332,133,no_comercial,54,57,85,88
2662.jpg,332,133,no_comercial,28,55,59,89
2662.jpg,332,133,no_comercial,0,52,29,93
2662.jpg,332,133,no_comercial,228,42,331,98
2663.jpg,332,133,no_comercial,0,31,331,104
2672.jpg,332,133,no_comercial,8,34,331,95
2675.jpg,332,133,no_comercial,0,43,331,106
2676.jpg,332,133,no_comercial,0,36,331,109
2679.jpg,332,133,no_comercial,0,31,36,84
2679.jpg,332,133,comercial,235,59,262,72
2679.jpg,332,133,comercial,223,60,232,73
2679.jpg,332,133,comercial,210,62,223,73
2679.jpg,332,133,comercial,157,62,168,71
2679.jpg,332,133,comercial,148,62,158,71
2688.jpg,332,133,comercial,0,58,38,96
2688.jpg,332,133,comercial,49,61,74,86
2688.jpg,332,133,comercial,127,60,183,97
2688.jpg,332,133,no_comercial,184,61,257,96
2688.jpg,332,133,no_comercial,247,65,331,100
2688.jpg,332,133,no_comercial,65,58,133,90
2690.jpg,332,133,no_comercial,0,38,331,97
2696.jpg,332,133,no_comercial,175,44,214,79
2696.jpg,332,133,no_comercial,214,45,265,81
2696.jpg,332,133,no_comercial,261,44,305,83
2696.jpg,332,133,no_comercial,139,42,182,83
2696.jpg,332,133,no_comercial,89,42,145,87
2697.jpg,332,133,no_comercial,0,45,64,88
2697.jpg,332,133,no_comercial,71,59,135,99
2697.jpg,332,133,comercial,130,50,248,100
2700.jpg,332,133,no_comercial,0,58,331,118
2706.jpg,332,133,no_comercial,0,48,331,115
2712.jpg,332,133,comercial,231,45,304,86
2712.jpg,332,133,comercial,190,59,214,77
2712.jpg,332,133,comercial,176,59,191,71
2712.jpg,332,133,comercial,101,50,124,76
2712.jpg,332,133,comercial,86,51,102,76
2712.jpg,332,133,comercial,70,59,90,82
2712.jpg,332,133,comercial,54,58,73,80
2712.jpg,332,133,comercial,38,61,58,78
2712.jpg,332,133,comercial,21,58,41,82
2712.jpg,332,133,comercial,0,59,24,84
2713.jpg,332,133,no_comercial,0,43,331,114
2722.jpg,332,133,no_comercial,0,40,52,81
2722.jpg,332,133,no_comercial,44,30,78,87
2722.jpg,332,133,no_comercial,61,15,101,90
2722.jpg,332,133,no_comercial,90,31,156,94
2722.jpg,332,133,no_comercial,145,41,233,109
2727.jpg,332,133,comercial,172,54,233,112
2727.jpg,332,133,comercial,264,56,303,108
2727.jpg,332,133,comercial,300,50,331,109
2727.jpg,332,133,no_comercial,62,47,176,118
2727.jpg,332,133,no_comercial,0,45,83,116
2728.jpg,332,133,comercial,0,55,43,109
2728.jpg,332,133,comercial,198,56,274,100
2728.jpg,332,133,no_comercial,36,53,121,106
2728.jpg,332,133,no_comercial,100,39,210,103
2728.jpg,332,133,no_comercial,273,47,331,99
2735.jpg,332,133,no_comercial,0,32,331,114
2745.jpg,332,133,no_comercial,98,48,217,110
2745.jpg,332,133,no_comercial,207,45,330,102
2745.jpg,332,133,no_comercial,0,35,102,107
2746.jpg,332,133,comercial,248,62,310,106
2746.jpg,332,133,no_comercial,32,59,138,110
2746.jpg,332,133,no_comercial,128,42,248,119
2747.jpg,332,133,no_comercial,0,38,331,122
2753.jpg,332,133,no_comercial,0,39,331,114
2754.jpg,332,133,no_comercial,74,43,127,95
2754.jpg,332,133,no_comercial,126,45,203,107
2754.jpg,332,133,no_comercial,197,38,256,107
2754.jpg,332,133,no_comercial,250,37,331,94
2756.jpg,332,133,no_comercial,0,37,331,115
2759.jpg,332,133,no_comercial,0,53,208,105
2760.jpg,332,133,no_comercial,0,35,331,102
2773.jpg,332,133,no_comercial,168,34,212,99
2773.jpg,332,133,no_comercial,109,27,171,87
2773.jpg,332,133,no_comercial,0,43,57,104
2773.jpg,332,133,comercial,259,59,322,121
2777.jpg,332,133,no_comercial,0,38,331,115
2787.jpg,332,133,no_comercial,0,55,173,109
2787.jpg,332,133,no_comercial,166,69,227,103
2787.jpg,332,133,comercial,221,69,279,107
2793.jpg,332,133,comercial,57,53,95,83
2793.jpg,332,133,no_comercial,154,29,267,99
2797.jpg,332,133,no_comercial,0,36,331,96
2798.jpg,332,133,comercial,219,65,237,74
2798.jpg,332,133,no_comercial,0,55,103,118
2798.jpg,332,133,no_comercial,246,65,306,102
2798.jpg,332,133,no_comercial,113,74,223,103
2800.jpg,332,133,no_comercial,0,30,331,105
2825.jpg,332,133,comercial,3,31,108,92
2825.jpg,332,133,no_comercial,104,63,166,96
2825.jpg,332,133,no_comercial,161,66,221,92
2825.jpg,332,133,no_comercial,212,64,331,102
2828.jpg,332,133,no_comercial,82,48,217,109
2828.jpg,332,133,no_comercial,256,23,331,89
2828.jpg,332,133,no_comercial,0,44,78,118
2835.jpg,332,133,no_comercial,160,55,316,101
2835.jpg,332,133,no_comercial,82,59,162,105
2835.jpg,332,133,no_comercial,51,59,84,93
2845.jpg,332,133,no_comercial,0,42,47,76
2845.jpg,332,133,no_comercial,48,41,94,90
2845.jpg,332,133,no_comercial,131,37,190,99
2845.jpg,332,133,no_comercial,183,42,268,88
2845.jpg,332,133,no_comercial,270,50,331,98
2851.jpg,332,133,no_comercial,169,53,220,92
2851.jpg,332,133,no_comercial,122,50,169,93
2851.jpg,332,133,no_comercial,0,51,120,102
2851.jpg,332,133,no_comercial,232,61,274,95
2851.jpg,332,133,comercial,270,74,331,101
2857.jpg,332,133,comercial,92,68,135,118
2857.jpg,332,133,comercial,0,63,75,120
2857.jpg,332,133,comercial,271,51,331,101
2857.jpg,332,133,no_comercial,186,68,259,109
2857.jpg,332,133,no_comercial,124,67,192,113
2863.jpg,332,133,comercial,57,67,102,101
2863.jpg,332,133,no_comercial,143,70,186,102
2863.jpg,332,133,no_comercial,181,65,276,109
2863.jpg,332,133,no_comercial,96,56,144,103
2863.jpg,332,133,no_comercial,0,56,63,100
2864.jpg,332,133,comercial,0,58,21,87
2864.jpg,332,133,no_comercial,256,53,303,91
2864.jpg,332,133,no_comercial,210,53,262,96
2864.jpg,332,133,no_comercial,148,55,216,93
2864.jpg,332,133,no_comercial,40,56,151,92
2869.jpg,332,133,comercial,288,55,331,95
2869.jpg,332,133,no_comercial,81,65,280,99
2869.jpg,332,133,no_comercial,6,58,87,108
2880.jpg,332,133,comercial,19,58,68,91
2880.jpg,332,133,no_comercial,67,53,180,89
2880.jpg,332,133,no_comercial,215,58,331,95
2882.jpg,332,133,no_comercial,0,56,331,110
2889.jpg,332,133,no_comercial,102,52,207,96
2889.jpg,332,133,no_comercial,205,55,308,113
2889.jpg,332,133,no_comercial,0,37,80,100
2891.jpg,332,133,comercial,0,43,23,96
2891.jpg,332,133,comercial,10,48,81,98
2891.jpg,332,133,no_comercial,76,58,125,95
2891.jpg,332,133,comercial,232,45,269,96
2891.jpg,332,133,comercial,279,52,331,98
2891.jpg,332,133,comercial,263,57,309,95
2891.jpg,332,133,comercial,172,45,226,96
2895.jpg,332,133,no_comercial,207,71,271,114
2895.jpg,332,133,no_comercial,269,67,331,118
2895.jpg,332,133,no_comercial,144,60,213,117
2895.jpg,332,133,no_comercial,90,69,158,121
2895.jpg,332,133,no_comercial,49,61,102,120
2895.jpg,332,133,no_comercial,0,54,53,107
2898.jpg,332,133,no_comercial,44,57,145,105
2898.jpg,332,133,no_comercial,147,61,244,104
2898.jpg,332,133,no_comercial,246,52,331,103
2902.jpg,332,133,no_comercial,0,47,331,110
2904.jpg,332,133,comercial,142,56,202,84
2904.jpg,332,133,comercial,195,56,223,76
2904.jpg,332,133,comercial,285,56,308,72
2904.jpg,332,133,comercial,262,60,296,76
2904.jpg,332,133,no_comercial,5,53,83,73
2904.jpg,332,133,no_comercial,90,56,145,83
2905.jpg,332,133,no_comercial,0,47,32,89
2905.jpg,332,133,no_comercial,25,51,96,98
2905.jpg,332,133,no_comercial,90,49,141,100
2905.jpg,332,133,no_comercial,141,55,190,103
2905.jpg,332,133,no_comercial,184,46,247,100
2905.jpg,332,133,no_comercial,245,56,309,104
2907.jpg,332,133,no_comercial,0,47,80,86
2907.jpg,332,133,no_comercial,72,47,132,85
2907.jpg,332,133,no_comercial,131,43,169,87
2907.jpg,332,133,no_comercial,165,41,203,78
2907.jpg,332,133,no_comercial,199,48,268,79
2908.jpg,332,133,no_comercial,213,52,249,81
2908.jpg,332,133,no_comercial,179,57,217,77
2908.jpg,332,133,no_comercial,140,56,179,80
2908.jpg,332,133,no_comercial,85,58,141,87
2908.jpg,332,133,no_comercial,245,56,331,91
2918.jpg,332,133,no_comercial,0,44,331,119
2920.jpg,332,133,no_comercial,0,57,331,118
2932.jpg,332,133,no_comercial,0,39,331,114
2933.jpg,332,133,no_comercial,0,39,112,79
2933.jpg,332,133,no_comercial,135,42,226,89
2933.jpg,332,133,no_comercial,229,54,321,93
2934.jpg,332,133,no_comercial,0,47,102,91
2934.jpg,332,133,comercial,140,54,197,96
2934.jpg,332,133,no_comercial,198,54,331,104
2944.jpg,332,133,comercial,183,56,241,92
2944.jpg,332,133,comercial,267,61,304,88
2944.jpg,332,133,comercial,93,61,121,73
2944.jpg,332,133,comercial,68,59,94,74
2944.jpg,332,133,comercial,2,60,64,79
2944.jpg,332,133,no_comercial,139,56,185,90
2951.jpg,332,133,no_comercial,0,54,61,103
2951.jpg,332,133,comercial,101,53,141,69
2951.jpg,332,133,comercial,146,61,161,69
2951.jpg,332,133,no_comercial,165,62,236,80
2951.jpg,332,133,no_comercial,247,50,331,97
2956.jpg,332,133,no_comercial,0,46,331,100
2961.jpg,332,133,no_comercial,113,50,225,86
2961.jpg,332,133,no_comercial,218,49,262,81
2961.jpg,332,133,no_comercial,262,55,329,92
2961.jpg,332,133,no_comercial,0,49,98,81
2965.jpg,332,133,no_comercial,157,49,282,108
2965.jpg,332,133,no_comercial,74,50,152,107
2965.jpg,332,133,no_comercial,0,44,75,102
2966.jpg,332,133,comercial,141,85,233,129
2966.jpg,332,133,no_comercial,225,61,331,109
2966.jpg,332,133,no_comercial,0,47,127,124
2967.jpg,332,133,no_comercial,151,76,217,109
2967.jpg,332,133,no_comercial,214,81,326,119
2967.jpg,332,133,no_comercial,96,74,152,118
2967.jpg,332,133,no_comercial,0,62,93,108
2968.jpg,332,133,no_comercial,189,47,297,109
2968.jpg,332,133,no_comercial,89,47,190,108
2968.jpg,332,133,no_comercial,0,36,90,106
2974.jpg,332,133,no_comercial,0,49,66,89
2974.jpg,332,133,no_comercial,76,64,179,99
2974.jpg,332,133,no_comercial,178,59,298,107
2977.jpg,332,133,comercial,57,53,126,85
2977.jpg,332,133,comercial,140,35,167,80
2977.jpg,332,133,comercial,164,40,181,76
2977.jpg,332,133,comercial,177,44,189,74
2977.jpg,332,133,comercial,264,52,331,91
2980.jpg,332,133,no_comercial,0,56,331,114
2984.jpg,332,133,no_comercial,18,34,144,100
2984.jpg,332,133,no_comercial,142,39,331,106
2986.jpg,332,133,comercial,153,53,185,80
2986.jpg,332,133,comercial,108,56,146,83
2986.jpg,332,133,comercial,66,55,105,84
2986.jpg,332,133,no_comercial,209,42,331,96
2988.jpg,332,133,no_comercial,198,27,331,79
2988.jpg,332,133,no_comercial,125,27,179,72
2988.jpg,332,133,no_comercial,70,34,130,71
2988.jpg,332,133,no_comercial,0,33,71,79
2991.jpg,332,133,comercial,22,48,81,83
2991.jpg,332,133,no_comercial,150,50,201,90
2991.jpg,332,133,comercial,116,45,156,83
2991.jpg,332,133,no_comercial,218,51,262,97
2991.jpg,332,133,no_comercial,263,51,331,110
2992.jpg,332,133,comercial,271,51,313,83
2992.jpg,332,133,comercial,218,58,245,74
2992.jpg,332,133,no_comercial,183,53,219,75
2992.jpg,332,133,no_comercial,73,70,187,103
2992.jpg,332,133,no_comercial,0,59,74,102
2997.jpg,332,133,comercial,0,46,12,104
2997.jpg,332,133,no_comercial,13,61,92,100
2997.jpg,332,133,comercial,167,66,227,105
2997.jpg,332,133,no_comercial,268,55,331,96
2999.jpg,332,133,comercial,132,41,188,105
2999.jpg,332,133,comercial,255,33,331,106
2999.jpg,332,133,no_comercial,0,38,64,103
2999.jpg,332,133,no_comercial,57,25,128,77
3000.jpg,332,133,comercial,162,49,224,88
3000.jpg,332,133,comercial,114,62,159,89
3000.jpg,332,133,comercial,75,63,128,93
3000.jpg,332,133,comercial,0,57,50,92
3000.jpg,332,133,comercial,11,65,87,99
3000.jpg,332,133,comercial,221,55,278,91
3007.jpg,332,133,comercial,126,63,162,96
3007.jpg,332,133,no_comercial,74,58,126,98
3007.jpg,332,133,no_comercial,267,58,326,90
3007.jpg,332,133,no_comercial,219,56,272,93
3014.jpg,332,133,comercial,191,62,220,88
3014.jpg,332,133,no_comercial,0,42,187,97
3017.jpg,332,133,no_comercial,0,42,331,107
3021.jpg,332,133,no_comercial,0,31,61,86
3021.jpg,332,133,no_comercial,63,39,159,101
3021.jpg,332,133,no_comercial,155,48,241,103
3021.jpg,332,133,no_comercial,249,48,331,102
3026.jpg,332,133,comercial,7,63,47,81
3026.jpg,332,133,no_comercial,121,46,185,77
3026.jpg,332,133,no_comercial,176,38,236,78
3026.jpg,332,133,no_comercial,223,37,300,88
3026.jpg,332,133,no_comercial,48,46,121,91
3031.jpg,332,133,no_comercial,143,48,239,105
3031.jpg,332,133,no_comercial,233,57,331,114
3031.jpg,332,133,comercial,84,55,98,66
3031.jpg,332,133,no_comercial,0,38,36,86
3034.jpg,332,133,no_comercial,0,39,331,125
3037.jpg,332,133,no_comercial,0,34,331,111
3039.jpg,332,133,no_comercial,0,43,331,108
3049.jpg,332,133,no_comercial,0,54,331,125
3050.jpg,332,133,comercial,200,64,277,98
3050.jpg,332,133,comercial,294,60,331,101
3050.jpg,332,133,no_comercial,126,56,194,98
3050.jpg,332,133,no_comercial,61,55,130,98
3050.jpg,332,133,no_comercial,0,50,63,98
3053.jpg,332,133,no_comercial,0,46,331,117
3056.jpg,332,133,no_comercial,0,54,97,94
3056.jpg,332,133,comercial,110,47,135,85
3056.jpg,332,133,no_comercial,171,47,331,111
3057.jpg,332,133,comercial,19,59,64,101
3057.jpg,332,133,no_comercial,75,66,166,107
3057.jpg,332,133,no_comercial,166,60,243,109
3062.jpg,332,133,comercial,0,55,65,86
3062.jpg,332,133,comercial,78,59,102,83
3062.jpg,332,133,no_comercial,158,57,233,88
3062.jpg,332,133,no_comercial,228,58,307,98
3062.jpg,332,133,comercial,130,64,141,74
3066.jpg,332,133,no_comercial,144,35,293,90
3066.jpg,332,133,no_comercial,0,37,123,80
3075.jpg,332,133,comercial,108,52,240,118
3075.jpg,332,133,no_comercial,230,37,331,109
3075.jpg,332,133,no_comercial,0,43,100,103
3076.jpg,332,133,no_comercial,57,23,192,96
3076.jpg,332,133,no_comercial,196,38,331,105
3076.jpg,332,133,no_comercial,0,29,50,96
3077.jpg,332,133,no_comercial,141,53,236,118
3077.jpg,332,133,no_comercial,0,35,105,109
3077.jpg,332,133,no_comercial,97,33,151,118
3077.jpg,332,133,no_comercial,236,55,331,130
3080.jpg,332,133,comercial,9,41,114,96
3080.jpg,332,133,comercial,136,36,235,92
3080.jpg,332,133,comercial,300,52,331,99
3085.jpg,332,133,no_comercial,0,48,331,107
3086.jpg,332,133,no_comercial,0,51,331,112
3087.jpg,332,133,comercial,0,41,23,97
3087.jpg,332,133,comercial,17,59,65,102
3087.jpg,332,133,comercial,76,62,126,91
3087.jpg,332,133,comercial,259,57,307,95
3087.jpg,332,133,no_comercial,171,64,267,103
3088.jpg,332,133,comercial,114,59,164,100
3088.jpg,332,133,comercial,161,58,197,102
3088.jpg,332,133,comercial,281,57,331,99
3088.jpg,332,133,comercial,62,58,107,106
3088.jpg,332,133,no_comercial,1,55,64,102
3088.jpg,332,133,no_comercial,190,57,277,103
3089.jpg,332,133,no_comercial,0,41,331,114
3097.jpg,332,133,no_comercial,0,37,331,107
3102.jpg,332,133,no_comercial,2,50,331,108
3105.jpg,332,133,no_comercial,0,46,47,90
3105.jpg,332,133,no_comercial,56,44,111,87
3105.jpg,332,133,no_comercial,115,45,186,91
3105.jpg,332,133,no_comercial,203,55,331,103
3108.jpg,332,133,comercial,87,51,154,83
3108.jpg,332,133,no_comercial,187,49,331,106
3108.jpg,332,133,no_comercial,0,30,84,98
3117.jpg,332,133,comercial,142,44,194,86
3117.jpg,332,133,comercial,281,55,331,91
3117.jpg,332,133,comercial,99,53,135,87
3117.jpg,332,133,comercial,73,55,106,85
3117.jpg,332,133,comercial,49,60,78,85
3117.jpg,332,133,no_comercial,196,56,273,93
3120.jpg,332,133,comercial,198,62,298,111
3120.jpg,332,133,no_comercial,60,60,129,95
3120.jpg,332,133,comercial,127,64,163,93
3122.jpg,332,133,no_comercial,109,57,178,91
3122.jpg,332,133,no_comercial,181,56,243,94
3122.jpg,332,133,no_comercial,239,52,331,100
3122.jpg,332,133,no_comercial,63,64,107,95
3122.jpg,332,133,no_comercial,0,63,61,99
3126.jpg,332,133,no_comercial,0,34,331,108
3134.jpg,332,133,no_comercial,0,42,331,113
3150.jpg,332,133,no_comercial,0,39,331,117
3154.jpg,332,133,no_comercial,204,45,278,105
3154.jpg,332,133,no_comercial,141,44,214,89
3154.jpg,332,133,no_comercial,74,48,153,97
3154.jpg,332,133,no_comercial,25,52,87,94
3154.jpg,332,133,no_comercial,0,56,42,96
3160.jpg,332,133,comercial,43,65,96,109
3160.jpg,332,133,no_comercial,94,68,165,106
3160.jpg,332,133,no_comercial,167,76,242,112
3160.jpg,332,133,no_comercial,242,59,292,99
3161.jpg,332,133,no_comercial,0,40,331,106
3168.jpg,332,133,no_comercial,0,29,79,85
3168.jpg,332,133,no_comercial,71,18,232,99
3168.jpg,332,133,no_comercial,228,20,331,101
3173.jpg,332,133,no_comercial,0,46,331,126
3176.jpg,332,133,no_comercial,0,53,121,119
3176.jpg,332,133,no_comercial,114,36,216,118
3176.jpg,332,133,no_comercial,210,30,321,122
3180.jpg,332,133,comercial,155,55,199,101
3180.jpg,332,133,comercial,103,53,155,98
3180.jpg,332,133,comercial,28,53,91,97
3180.jpg,332,133,comercial,301,60,331,110
3180.jpg,332,133,no_comercial,195,59,243,107
3181.jpg,332,133,comercial,252,49,314,85
3181.jpg,332,133,no_comercial,169,48,256,90
3181.jpg,332,133,no_comercial,53,41,154,86
3188.jpg,332,133,no_comercial,0,40,331,103
3200.jpg,332,133,no_comercial,49,47,120,105
3200.jpg,332,133,no_comercial,162,50,273,108
3200.jpg,332,133,no_comercial,0,39,60,109
3200.jpg,332,133,no_comercial,253,40,331,103
3206.jpg,332,133,no_comercial,0,38,331,79
3214.jpg,332,133,comercial,276,61,331,110
3214.jpg,332,133,comercial,233,71,271,104
3214.jpg,332,133,no_comercial,168,52,240,104
3214.jpg,332,133,no_comercial,91,52,166,89
3214.jpg,332,133,no_comercial,40,48,100,89
3216.jpg,332,133,comercial,273,57,331,84
3216.jpg,332,133,comercial,252,60,295,96
3216.jpg,332,133,no_comercial,82,53,143,97
3216.jpg,332,133,no_comercial,37,50,89,92
3216.jpg,332,133,comercial,0,64,43,93
3219.jpg,332,133,comercial,184,48,259,95
3219.jpg,332,133,comercial,36,46,87,76
3219.jpg,332,133,no_comercial,93,51,175,86
3219.jpg,332,133,no_comercial,260,58,331,88
3220.jpg,332,133,no_comercial,0,44,331,107
3220.jpg,332,133,comercial,222,60,266,84
3229.jpg,332,133,no_comercial,156,53,206,85
3229.jpg,332,133,no_comercial,206,52,277,87
3229.jpg,332,133,no_comercial,89,52,148,88
3229.jpg,332,133,no_comercial,1,49,93,92
3233.jpg,332,133,no_comercial,0,46,331,120
3248.jpg,332,133,no_comercial,226,42,331,85
3248.jpg,332,133,no_comercial,0,41,162,119
3250.jpg,332,133,no_comercial,4,49,331,121
3251.jpg,332,133,no_comercial,0,46,331,108
3254.jpg,332,133,comercial,196,55,254,86
3254.jpg,332,133,comercial,0,58,43,78
3254.jpg,332,133,comercial,50,60,91,94
3254.jpg,332,133,comercial,267,48,331,77
3256.jpg,332,133,no_comercial,22,33,82,87
3256.jpg,332,133,no_comercial,81,32,143,94
3256.jpg,332,133,no_comercial,141,41,203,92
3256.jpg,332,133,no_comercial,201,40,261,96
3256.jpg,332,133,no_comercial,261,35,318,91
3259.jpg,332,133,comercial,268,38,301,76
3259.jpg,332,133,comercial,212,59,223,66
3259.jpg,332,133,comercial,180,60,193,67
3259.jpg,332,133,no_comercial,0,28,168,87
3263.jpg,332,133,comercial,178,56,190,76
3263.jpg,332,133,comercial,159,51,178,74
3263.jpg,332,133,no_comercial,219,49,303,92
3263.jpg,332,133,no_comercial,0,45,38,79
3263.jpg,332,133,no_comercial,53,51,101,92
3264.jpg,332,133,no_comercial,243,67,299,103
3264.jpg,332,133,no_comercial,283,64,331,91
3264.jpg,332,133,no_comercial,206,55,258,103
3264.jpg,332,133,no_comercial,162,56,214,99
3264.jpg,332,133,comercial,27,71,65,93
3264.jpg,332,133,no_comercial,62,73,121,94
3267.jpg,332,133,comercial,188,57,234,101
3267.jpg,332,133,no_comercial,0,38,193,100
3269.jpg,332,133,no_comercial,0,44,68,99
3269.jpg,332,133,no_comercial,52,23,142,117
3269.jpg,332,133,no_comercial,137,42,237,128
3271.jpg,332,133,no_comercial,79,31,124,92
3271.jpg,332,133,no_comercial,118,36,168,95
3271.jpg,332,133,no_comercial,170,36,262,99
3271.jpg,332,133,no_comercial,259,47,331,107
3272.jpg,332,133,no_comercial,261,48,331,104
3272.jpg,332,133,comercial,0,63,44,93
3272.jpg,332,133,no_comercial,47,67,107,90
3272.jpg,332,133,no_comercial,105,43,162,80
3272.jpg,332,133,no_comercial,158,36,204,89
3287.jpg,332,133,comercial,119,55,176,92
3287.jpg,332,133,comercial,174,52,235,98
3287.jpg,332,133,no_comercial,68,47,118,93
3287.jpg,332,133,no_comercial,233,55,304,100
3292.jpg,332,133,no_comercial,23,38,331,95
3298.jpg,332,133,no_comercial,0,50,331,106
3305.jpg,332,133,comercial,78,13,151,76
3305.jpg,332,133,comercial,148,4,306,90
3305.jpg,332,133,comercial,139,42,232,83
3305.jpg,332,133,comercial,209,42,305,89
3310.jpg,332,133,no_comercial,0,45,123,85
3310.jpg,332,133,comercial,169,64,187,74
3310.jpg,332,133,comercial,191,61,205,74
3323.jpg,332,133,no_comercial,0,43,331,113
3328.jpg,332,133,no_comercial,0,41,331,101
3341.jpg,332,133,no_comercial,0,54,331,114
3345.jpg,332,133,no_comercial,0,34,331,104
3349.jpg,332,133,comercial,148,60,174,88
3349.jpg,332,133,comercial,174,64,198,86
3349.jpg,332,133,comercial,71,57,122,88
3349.jpg,332,133,no_comercial,192,56,230,97
3349.jpg,332,133,no_comercial,224,48,328,88
3349.jpg,332,133,no_comercial,0,51,69,95
3354.jpg,332,133,no_comercial,0,44,112,80
3354.jpg,332,133,no_comercial,125,45,331,94
3357.jpg,332,133,no_comercial,102,40,197,95
3357.jpg,332,133,no_comercial,199,56,264,96
3357.jpg,332,133,no_comercial,252,45,331,105
3357.jpg,332,133,no_comercial,0,28,83,78
3358.jpg,332,133,no_comercial,0,45,51,91
3358.jpg,332,133,no_comercial,52,39,134,96
3358.jpg,332,133,no_comercial,137,44,246,97
3358.jpg,332,133,comercial,257,57,331,93
3366.jpg,332,133,no_comercial,0,36,331,125
3367.jpg,332,133,no_comercial,0,44,62,108
3367.jpg,332,133,no_comercial,71,39,154,113
3367.jpg,332,133,no_comercial,160,60,220,116
3367.jpg,332,133,comercial,228,51,259,94
3367.jpg,332,133,comercial,256,57,276,92
3367.jpg,332,133,no_comercial,274,53,331,103
3374.jpg,332,133,no_comercial,0,46,120,100
3374.jpg,332,133,no_comercial,150,44,216,92
3374.jpg,332,133,no_comercial,216,48,268,91
3380.jpg,332,133,no_comercial,0,49,232,108
3380.jpg,332,133,comercial,238,54,269,75
3380.jpg,332,133,no_comercial,266,42,331,83
3398.jpg,332,133,comercial,159,59,189,82
3398.jpg,332,133,no_comercial,190,55,220,81
3398.jpg,332,133,no_comercial,222,55,268,81
3398.jpg,332,133,no_comercial,273,47,331,80
3398.jpg,332,133,no_comercial,0,38,91,89
3398.jpg,332,133,no_comercial,86,55,153,93
3401.jpg,332,133,no_comercial,0,57,331,113
3404.jpg,332,133,no_comercial,0,49,331,107
3405.jpg,332,133,no_comercial,69,6,331,95
3405.jpg,332,133,comercial,0,24,69,86
3408.jpg,332,133,no_comercial,0,42,331,107
3414.jpg,332,133,no_comercial,0,46,158,89
3414.jpg,332,133,no_comercial,152,36,238,84
3414.jpg,332,133,no_comercial,236,43,331,92
3425.jpg,332,133,no_comercial,0,47,331,113
3426.jpg,332,133,no_comercial,0,47,331,107
3429.jpg,332,133,comercial,7,15,80,77
3429.jpg,332,133,no_comercial,221,40,331,93
3429.jpg,332,133,comercial,166,58,186,73
3429.jpg,332,133,no_comercial,79,59,170,103
3434.jpg,332,133,no_comercial,0,49,331,111
3444.jpg,332,133,no_comercial,0,43,50,86
3444.jpg,332,133,no_comercial,52,49,105,88
3444.jpg,332,133,no_comercial,100,53,158,91
3444.jpg,332,133,no_comercial,151,53,230,90
3444.jpg,332,133,no_comercial,260,55,331,93
3454.jpg,332,133,comercial,61,32,166,94
3454.jpg,332,133,no_comercial,274,46,331,86
3454.jpg,332,133,no_comercial,222,43,262,74
3457.jpg,332,133,no_comercial,0,44,80,88
3457.jpg,332,133,no_comercial,76,53,132,88
3457.jpg,332,133,no_comercial,129,62,181,97
3457.jpg,332,133,no_comercial,174,63,226,90
3457.jpg,332,133,no_comercial,224,50,307,95
3459.jpg,332,133,no_comercial,0,46,331,119
3462.jpg,332,133,comercial,80,56,113,87
3462.jpg,332,133,no_comercial,151,47,198,93
3462.jpg,332,133,no_comercial,7,42,79,97
3462.jpg,332,133,no_comercial,118,59,153,96
3462.jpg,332,133,no_comercial,223,48,287,97
3462.jpg,332,133,no_comercial,289,39,331,105
3464.jpg,332,133,no_comercial,10,52,126,83
3464.jpg,332,133,no_comercial,152,57,331,92
3470.jpg,332,133,no_comercial,0,42,331,101
3484.jpg,332,133,no_comercial,0,29,331,104
3487.jpg,332,133,comercial,271,58,302,87
3487.jpg,332,133,no_comercial,177,57,238,106
3487.jpg,332,133,no_comercial,91,52,166,113
3487.jpg,332,133,no_comercial,63,51,108,101
3487.jpg,332,133,no_comercial,44,42,82,90
3496.jpg,332,133,no_comercial,0,49,331,108
3498.jpg,332,133,no_comercial,0,38,177,117
3498.jpg,332,133,no_comercial,180,32,331,106
3499.jpg,332,133,no_comercial,175,30,331,102
3499.jpg,332,133,no_comercial,0,44,179,124
3502.jpg,332,133,no_comercial,132,48,194,93
3502.jpg,332,133,comercial,192,52,231,88
3502.jpg,332,133,comercial,0,70,40,95
3502.jpg,332,133,comercial,90,66,114,97
3502.jpg,332,133,comercial,48,65,83,91
3502.jpg,332,133,no_comercial,240,56,273,98
3502.jpg,332,133,no_comercial,270,51,326,94
3505.jpg,332,133,no_comercial,9,44,328,108
3509.jpg,332,133,no_comercial,0,41,115,96
3509.jpg,332,133,no_comercial,117,45,189,100
3509.jpg,332,133,no_comercial,191,45,310,105
3512.jpg,332,133,no_comercial,0,39,331,119
3515.jpg,332,133,no_comercial,0,38,331,110
3524.jpg,332,133,comercial,31,58,71,81
3524.jpg,332,133,comercial,7,58,35,81
3524.jpg,332,133,no_comercial,74,44,101,86
3524.jpg,332,133,comercial,100,66,141,82
3524.jpg,332,133,comercial,194,63,221,78
3524.jpg,332,133,no_comercial,252,61,276,78
3527.jpg,332,133,no_comercial,0,37,117,112
3527.jpg,332,133,no_comercial,120,53,201,106
3527.jpg,332,133,no_comercial,199,49,324,119
3543.jpg,332,133,no_comercial,89,36,331,111
3543.jpg,332,133,no_comercial,0,35,106,103
3548.jpg,332,133,no_comercial,0,47,331,118
3549.jpg,332,133,comercial,0,56,45,92
3549.jpg,332,133,comercial,41,51,90,85
3549.jpg,332,133,comercial,81,46,144,96
3549.jpg,332,133,comercial,134,48,202,104
3549.jpg,332,133,comercial,198,36,247,101
3549.jpg,332,133,comercial,241,33,328,104
3560.jpg,332,133,no_comercial,0,55,331,130
3563.jpg,332,133,no_comercial,0,32,327,115
3566.jpg,332,133,no_comercial,0,46,135,88
3566.jpg,332,133,no_comercial,156,56,207,83
3566.jpg,332,133,no_comercial,200,59,245,91
3566.jpg,332,133,no_comercial,248,54,318,90
3570.jpg,332,133,no_comercial,7,43,331,125
3577.jpg,332,133,no_comercial,0,43,331,92
3582.jpg,332,133,comercial,0,46,28,90
3582.jpg,332,133,comercial,20,63,76,89
3582.jpg,332,133,comercial,76,60,113,92
3582.jpg,332,133,comercial,123,59,160,92
3582.jpg,332,133,comercial,164,57,215,92
3582.jpg,332,133,comercial,210,61,241,92
3582.jpg,332,133,comercial,243,51,331,93
3588.jpg,332,133,no_comercial,54,44,203,118
3588.jpg,332,133,no_comercial,191,37,299,117
3588.jpg,332,133,no_comercial,0,44,81,128
3594.jpg,332,133,no_comercial,0,40,86,109
3594.jpg,332,133,no_comercial,80,39,178,115
3594.jpg,332,133,no_comercial,180,33,275,131
3594.jpg,332,133,no_comercial,270,43,331,124
3599.jpg,332,133,no_comercial,16,45,126,86
3599.jpg,332,133,no_comercial,186,48,331,110
3607.jpg,332,133,comercial,25,21,79,83
3607.jpg,332,133,comercial,72,37,135,73
3607.jpg,332,133,comercial,128,50,147,70
3607.jpg,332,133,comercial,178,50,206,75
3607.jpg,332,133,comercial,207,47,232,72
3612.jpg,332,133,no_comercial,4,39,82,93
3612.jpg,332,133,no_comercial,76,53,119,89
3612.jpg,332,133,no_comercial,117,44,163,87
3612.jpg,332,133,no_comercial,158,53,200,92
3612.jpg,332,133,no_comercial,211,48,322,103
3623.jpg,332,133,no_comercial,128,32,317,90
3623.jpg,332,133,comercial,77,52,102,72
3623.jpg,332,133,no_comercial,32,54,54,70
3626.jpg,332,133,no_comercial,0,48,331,90
3640.jpg,332,133,no_comercial,0,47,331,110
3641.jpg,332,133,no_comercial,0,30,187,106
3641.jpg,332,133,no_comercial,213,35,324,94
3646.jpg,332,133,no_comercial,0,41,331,100
3654.jpg,332,133,no_comercial,0,37,51,82
3654.jpg,332,133,no_comercial,54,37,88,83
3654.jpg,332,133,no_comercial,99,35,127,79
3654.jpg,332,133,no_comercial,125,38,162,89
3654.jpg,332,133,no_comercial,161,26,226,92
3654.jpg,332,133,no_comercial,228,30,331,91
3657.jpg,332,133,comercial,86,55,148,110
3657.jpg,332,133,comercial,141,57,183,102
3657.jpg,332,133,no_comercial,184,58,323,120
3657.jpg,332,133,no_comercial,0,50,78,119
3659.jpg,332,133,no_comercial,0,33,29,86
3659.jpg,332,133,comercial,26,63,52,85
3659.jpg,332,133,no_comercial,56,50,96,86
3659.jpg,332,133,no_comercial,99,55,150,87
3659.jpg,332,133,comercial,145,63,174,82
3659.jpg,332,133,no_comercial,193,66,225,90
3659.jpg,332,133,comercial,277,52,331,85
3659.jpg,332,133,comercial,236,58,318,105
3666.jpg,332,133,no_comercial,0,32,331,115
3672.jpg,332,133,no_comercial,0,48,144,93
3672.jpg,332,133,no_comercial,171,51,331,104
3681.jpg,332,133,comercial,0,40,72,85
3681.jpg,332,133,no_comercial,69,41,157,86
3681.jpg,332,133,no_comercial,159,49,331,101
3688.jpg,332,133,no_comercial,0,41,331,123
3693.jpg,332,133,no_comercial,0,46,37,114
3693.jpg,332,133,no_comercial,41,46,115,107
3693.jpg,332,133,no_comercial,114,43,315,112
3694.jpg,332,133,comercial,80,50,115,99
3694.jpg,332,133,no_comercial,114,54,266,116
3694.jpg,332,133,no_comercial,0,44,79,106
3695.jpg,332,133,no_comercial,0,18,66,97
3695.jpg,332,133,no_comercial,53,42,91,87
3695.jpg,332,133,no_comercial,85,28,121,96
3695.jpg,332,133,no_comercial,110,30,302,118
3699.jpg,332,133,comercial,0,54,60,97
3699.jpg,332,133,comercial,142,51,243,93
3699.jpg,332,133,no_comercial,247,28,331,111
3707.jpg,332,133,comercial,0,0,74,74
3707.jpg,332,133,comercial,105,32,220,79
3707.jpg,332,133,no_comercial,233,36,331,88
3718.jpg,332,133,no_comercial,0,43,331,114
3725.jpg,332,133,no_comercial,0,40,329,108
3734.jpg,332,133,no_comercial,0,40,47,82
3734.jpg,332,133,comercial,44,60,89,83
3734.jpg,332,133,no_comercial,86,55,117,82
3734.jpg,332,133,no_comercial,119,52,143,79
3734.jpg,332,133,comercial,199,59,232,87
3734.jpg,332,133,comercial,177,61,196,77
3734.jpg,332,133,no_comercial,225,53,331,90
3739.jpg,332,133,no_comercial,0,45,331,123
3749.jpg,332,133,no_comercial,13,54,95,95
3749.jpg,332,133,comercial,94,54,129,92
3749.jpg,332,133,comercial,191,50,251,98
3749.jpg,332,133,comercial,231,61,261,86
3749.jpg,332,133,no_comercial,257,58,293,98
3756.jpg,332,133,no_comercial,0,32,331,105
3757.jpg,332,133,comercial,146,52,302,121
3757.jpg,332,133,no_comercial,0,37,126,117
3766.jpg,332,133,no_comercial,0,51,70,103
3766.jpg,332,133,no_comercial,78,34,211,110
3766.jpg,332,133,no_comercial,193,52,331,112
3767.jpg,332,133,no_comercial,72,79,180,118
3767.jpg,332,133,no_comercial,188,46,325,97
3767.jpg,332,133,no_comercial,0,49,68,119
3781.jpg,332,133,no_comercial,0,38,63,109
3781.jpg,332,133,no_comercial,66,28,133,116
3781.jpg,332,133,comercial,225,41,305,105
3783.jpg,332,133,no_comercial,0,62,331,118
3786.jpg,332,133,no_comercial,0,37,331,112
3787.jpg,332,133,no_comercial,0,48,331,105
3789.jpg,332,133,comercial,65,53,88,78
3789.jpg,332,133,no_comercial,179,9,331,95
3792.jpg,332,133,comercial,29,59,97,93
3792.jpg,332,133,comercial,108,47,189,93
3792.jpg,332,133,comercial,191,58,230,94
3792.jpg,332,133,comercial,229,56,258,93
3792.jpg,332,133,comercial,258,56,290,93
3792.jpg,332,133,comercial,0,56,28,95
3809.jpg,332,133,comercial,280,63,331,104
3809.jpg,332,133,no_comercial,71,58,182,109
3809.jpg,332,133,no_comercial,178,55,279,112
3815.jpg,332,133,no_comercial,0,55,51,93
3815.jpg,332,133,no_comercial,44,61,99,95
3815.jpg,332,133,no_comercial,93,64,156,99
3815.jpg,332,133,no_comercial,154,65,208,92
3815.jpg,332,133,no_comercial,206,62,246,93
3815.jpg,332,133,comercial,296,66,331,94
3815.jpg,332,133,no_comercial,251,64,297,98
3822.jpg,332,133,no_comercial,94,24,161,89
3822.jpg,332,133,comercial,166,67,177,76
3822.jpg,332,133,comercial,177,65,188,75
3822.jpg,332,133,comercial,246,64,258,79
3822.jpg,332,133,comercial,234,69,244,81
3822.jpg,332,133,comercial,86,72,93,82
3822.jpg,332,133,comercial,79,71,87,82
3822.jpg,332,133,no_comercial,0,63,70,96
3826.jpg,332,133,no_comercial,0,50,112,105
3826.jpg,332,133,no_comercial,115,50,275,109
3826.jpg,332,133,no_comercial,273,44,331,103
3830.jpg,332,133,comercial,0,63,47,99
3830.jpg,332,133,comercial,304,42,331,93
3830.jpg,332,133,no_comercial,85,52,140,88
3834.jpg,332,133,no_comercial,0,48,330,127
3836.jpg,332,133,no_comercial,0,33,41,91
3836.jpg,332,133,no_comercial,36,27,92,86
3836.jpg,332,133,no_comercial,73,23,135,84
3836.jpg,332,133,no_comercial,128,18,191,84
3836.jpg,332,133,no_comercial,180,25,226,78
3836.jpg,332,133,no_comercial,211,28,260,85
3842.jpg,332,133,no_comercial,66,28,105,59
3842.jpg,332,133,no_comercial,101,21,165,63
3842.jpg,332,133,no_comercial,171,17,264,63
3842.jpg,332,133,no_comercial,262,7,331,66
3842.jpg,332,133,no_comercial,0,43,66,104
3848.jpg,332,133,no_comercial,0,37,331,104
3853.jpg,332,133,comercial,81,23,171,113
3853.jpg,332,133,no_comercial,167,44,225,113
3853.jpg,332,133,no_comercial,230,53,331,119
3854.jpg,332,133,no_comercial,81,46,193,109
3854.jpg,332,133,no_comercial,0,41,81,108
3854.jpg,332,133,no_comercial,248,30,331,105
3858.jpg,332,133,no_comercial,178,30,331,102
3858.jpg,332,133,comercial,107,67,130,81
3858.jpg,332,133,comercial,57,56,117,85
3862.jpg,332,133,no_comercial,0,38,157,104
3862.jpg,332,133,no_comercial,176,45,237,102
3862.jpg,332,133,no_comercial,231,48,331,128
3864.jpg,332,133,no_comercial,0,44,331,117
3865.jpg,332,133,no_comercial,0,46,330,102
3867.jpg,332,133,no_comercial,0,54,331,107
3871.jpg,332,133,no_comercial,43,16,164,81
3871.jpg,332,133,comercial,165,50,183,68
3871.jpg,332,133,no_comercial,207,46,331,104
3874.jpg,332,133,no_comercial,0,44,314,100
3887.jpg,332,133,no_comercial,148,47,259,102
3887.jpg,332,133,comercial,70,59,90,76
3887.jpg,332,133,no_comercial,103,57,144,83
3887.jpg,332,133,no_comercial,271,45,331,96
3888.jpg,332,133,no_comercial,0,40,113,81
3888.jpg,332,133,no_comercial,107,46,191,90
3888.jpg,332,133,no_comercial,206,39,331,113
3891.jpg,332,133,no_comercial,100,66,108,75
3891.jpg,332,133,no_comercial,107,64,113,76
3891.jpg,332,133,no_comercial,113,63,125,76
3891.jpg,332,133,no_comercial,125,61,151,73
3891.jpg,332,133,no_comercial,149,48,331,96
3891.jpg,332,133,no_comercial,0,16,66,109
3897.jpg,332,133,no_comercial,0,42,52,94
3897.jpg,332,133,no_comercial,46,47,98,97
3897.jpg,332,133,no_comercial,90,48,151,90
3897.jpg,332,133,no_comercial,148,48,203,94
3897.jpg,332,133,comercial,201,65,220,83
3897.jpg,332,133,no_comercial,232,52,283,92
3897.jpg,332,133,no_comercial,278,63,331,111
3909.jpg,332,133,no_comercial,113,32,331,106
3909.jpg,332,133,no_comercial,0,10,59,85
3914.jpg,332,133,no_comercial,0,37,40,82
3914.jpg,332,133,no_comercial,30,51,75,84
3914.jpg,332,133,no_comercial,78,54,137,92
3914.jpg,332,133,no_comercial,132,54,190,93
3914.jpg,332,133,comercial,196,58,223,87
3914.jpg,332,133,comercial,217,57,249,89
3914.jpg,332,133,comercial,251,61,331,114
3915.jpg,332,133,no_comercial,11,44,331,116
3919.jpg,332,133,no_comercial,42,49,224,118
3919.jpg,332,133,no_comercial,219,26,331,121
3921.jpg,332,133,no_comercial,0,42,331,102
3927.jpg,332,133,no_comercial,0,44,331,123
3929.jpg,332,133,no_comercial,0,40,331,109
3933.jpg,332,133,no_comercial,117,41,275,116
3933.jpg,332,133,no_comercial,0,44,111,109
3933.jpg,332,133,no_comercial,270,58,329,120
3936.jpg,332,133,no_comercial,0,40,331,129
3939.jpg,332,133,no_comercial,0,41,331,101
3941.jpg,332,133,no_comercial,0,41,331,110
3950.jpg,332,133,no_comercial,0,42,331,97
3955.jpg,332,133,no_comercial,0,43,331,101
3961.jpg,332,133,no_comercial,165,54,243,110
3961.jpg,332,133,no_comercial,104,46,163,90
3961.jpg,332,133,no_comercial,35,38,109,87
3962.jpg,332,133,no_comercial,64,42,331,105
3976.jpg,332,133,no_comercial,194,60,228,82
3976.jpg,332,133,no_comercial,136,53,197,84
3976.jpg,332,133,no_comercial,228,54,272,81
3976.jpg,332,133,no_comercial,84,56,135,88
3976.jpg,332,133,no_comercial,6,50,79,85
3981.jpg,332,133,comercial,297,57,331,88
3981.jpg,332,133,comercial,260,62,296,81
3981.jpg,332,133,comercial,218,62,242,76
3981.jpg,332,133,no_comercial,0,48,188,96
3982.jpg,332,133,comercial,42,54,80,86
3982.jpg,332,133,no_comercial,146,31,331,94
3983.jpg,332,133,no_comercial,101,44,331,122
3989.jpg,332,133,no_comercial,0,48,331,122
3995.jpg,332,133,no_comercial,0,46,331,105
4004.jpg,332,133,no_comercial,0,50,331,125
4016.jpg,332,133,no_comercial,173,43,331,113
4016.jpg,332,133,no_comercial,0,44,126,82
4021.jpg,332,133,no_comercial,0,45,331,94
4032.jpg,332,133,no_comercial,43,42,331,99
4038.jpg,332,133,comercial,216,66,274,111
4038.jpg,332,133,no_comercial,0,37,195,96
4039.jpg,332,133,no_comercial,0,31,331,110
4050.jpg,332,133,no_comercial,0,44,84,92
4050.jpg,332,133,no_comercial,83,46,189,93
4050.jpg,332,133,comercial,188,44,281,96
4050.jpg,332,133,comercial,278,40,331,90
4054.jpg,332,133,comercial,184,47,231,91
4054.jpg,332,133,comercial,151,72,179,95
4054.jpg,332,133,no_comercial,34,61,87,93
4054.jpg,332,133,no_comercial,91,59,152,104
4054.jpg,332,133,comercial,257,53,277,97
4054.jpg,332,133,no_comercial,296,58,331,90
4054.jpg,332,133,no_comercial,0,59,42,95
4060.jpg,332,133,no_comercial,0,44,161,79
4060.jpg,332,133,comercial,185,65,221,79
4060.jpg,332,133,comercial,230,55,287,83
4060.jpg,332,133,no_comercial,295,60,331,89
4061.jpg,332,133,no_comercial,145,53,212,89
4061.jpg,332,133,no_comercial,88,52,154,92
4061.jpg,332,133,no_comercial,36,45,101,90
4061.jpg,332,133,no_comercial,211,57,270,99
4061.jpg,332,133,no_comercial,260,60,311,98
4061.jpg,332,133,no_comercial,0,51,60,103
4062.jpg,332,133,comercial,26,64,81,99
4062.jpg,332,133,no_comercial,85,60,155,111
4062.jpg,332,133,no_comercial,155,54,270,113
4062.jpg,332,133,no_comercial,248,62,331,111
4063.jpg,332,133,no_comercial,101,51,259,99
4063.jpg,332,133,no_comercial,54,47,100,88
4069.jpg,332,133,no_comercial,0,24,109,76
4069.jpg,332,133,no_comercial,110,34,319,100
4070.jpg,332,133,no_comercial,0,29,331,104
4075.jpg,332,133,no_comercial,0,56,52,91
4075.jpg,332,133,comercial,87,45,331,127
4089.jpg,332,133,no_comercial,0,43,331,105
4096.jpg,332,133,no_comercial,47,28,331,96
4098.jpg,332,133,no_comercial,0,39,331,109
4099.jpg,332,133,comercial,0,63,103,104
4099.jpg,332,133,no_comercial,160,57,246,102
4099.jpg,332,133,comercial,251,66,304,98
4099.jpg,332,133,no_comercial,105,60,161,94
4110.jpg,332,133,no_comercial,0,46,63,85
4110.jpg,332,133,comercial,63,61,95,90
4110.jpg,332,133,no_comercial,99,64,157,89
4110.jpg,332,133,no_comercial,158,57,331,106
4122.jpg,332,133,comercial,70,54,103,86
4122.jpg,332,133,no_comercial,104,37,331,95
4122.jpg,332,133,comercial,6,58,71,90
4127.jpg,332,133,comercial,140,53,188,84
4127.jpg,332,133,comercial,279,65,310,83
4127.jpg,332,133,comercial,239,63,276,81
4127.jpg,332,133,comercial,74,63,87,74
4127.jpg,332,133,no_comercial,31,56,66,79
4129.jpg,332,133,no_comercial,1,40,331,115
4131.jpg,332,133,comercial,49,57,85,70
4131.jpg,332,133,no_comercial,95,47,192,95
4131.jpg,332,133,no_comercial,184,39,240,95
4137.jpg,332,133,no_comercial,61,41,139,83
4137.jpg,332,133,no_comercial,148,56,331,111
4137.jpg,332,133,no_comercial,0,53,66,89
4139.jpg,332,133,comercial,0,57,65,86
4139.jpg,332,133,no_comercial,61,58,96,84
4139.jpg,332,133,no_comercial,96,57,140,87
4139.jpg,332,133,no_comercial,147,58,331,121
4142.jpg,332,133,no_comercial,120,33,331,107
4142.jpg,332,133,no_comercial,0,34,116,110
4146.jpg,332,133,comercial,130,39,201,90
4146.jpg,332,133,comercial,202,39,250,92
4146.jpg,332,133,comercial,255,48,331,80
4146.jpg,332,133,comercial,66,15,133,91
4146.jpg,332,133,comercial,0,8,40,88
4146.jpg,332,133,comercial,35,31,71,92
4159.jpg,332,133,comercial,162,29,310,99
4159.jpg,332,133,comercial,314,58,331,84
4159.jpg,332,133,comercial,103,53,151,94
4159.jpg,332,133,comercial,70,53,108,96
4159.jpg,332,133,comercial,0,48,41,96
4159.jpg,332,133,comercial,40,60,63,90
4159.jpg,332,133,comercial,232,64,246,72
4166.jpg,332,133,no_comercial,0,43,330,109
4168.jpg,332,133,no_comercial,0,46,331,96
4173.jpg,332,133,no_comercial,0,48,54,90
4173.jpg,332,133,no_comercial,50,46,126,104
4173.jpg,332,133,no_comercial,117,57,195,94
4173.jpg,332,133,no_comercial,193,40,331,120
4174.jpg,332,133,no_comercial,0,45,320,97
4184.jpg,332,133,no_comercial,0,56,322,123
4185.jpg,332,133,no_comercial,0,55,331,115
4186.jpg,332,133,no_comercial,0,47,331,123
4189.jpg,332,133,no_comercial,0,53,37,96
4189.jpg,332,133,comercial,35,61,84,86
4189.jpg,332,133,no_comercial,82,66,223,100
4189.jpg,332,133,no_comercial,215,56,272,98
4189.jpg,332,133,no_comercial,272,56,331,95
4196.jpg,332,133,no_comercial,0,44,331,100
4199.jpg,332,133,no_comercial,21,27,314,121
4202.jpg,332,133,comercial,168,58,199,83
4202.jpg,332,133,no_comercial,0,17,28,77
4202.jpg,332,133,comercial,93,62,110,72
4202.jpg,332,133,comercial,196,64,208,71
4202.jpg,332,133,no_comercial,206,40,324,89
4202.jpg,332,133,no_comercial,107,26,166,98
4206.jpg,332,133,no_comercial,0,47,215,100
4206.jpg,332,133,no_comercial,235,40,331,87
4207.jpg,332,133,comercial,164,48,267,92
4207.jpg,332,133,no_comercial,0,47,137,93
4214.jpg,332,133,comercial,255,59,331,86
4214.jpg,332,133,comercial,9,43,79,81
4214.jpg,332,133,no_comercial,88,60,238,101
4231.jpg,332,133,comercial,0,42,69,92
4231.jpg,332,133,comercial,61,59,82,91
4231.jpg,332,133,comercial,79,56,111,90
4231.jpg,332,133,comercial,106,58,155,96
4231.jpg,332,133,comercial,151,55,179,90
4231.jpg,332,133,comercial,206,65,237,92
4231.jpg,332,133,comercial,232,59,263,89
4231.jpg,332,133,comercial,281,53,329,72
4237.jpg,332,133,no_comercial,0,48,331,106
4240.jpg,332,133,comercial,79,52,207,99
4240.jpg,332,133,comercial,238,67,311,103
4240.jpg,332,133,comercial,1,49,34,93
4240.jpg,332,133,no_comercial,0,19,99,101
4247.jpg,332,133,no_comercial,0,29,77,87
4247.jpg,332,133,no_comercial,77,24,137,92
4247.jpg,332,133,no_comercial,189,25,273,91
4247.jpg,332,133,no_comercial,128,17,193,90
4248.jpg,332,133,no_comercial,57,36,248,96
4248.jpg,332,133,no_comercial,241,40,331,90
4249.jpg,332,133,no_comercial,0,40,331,90
4251.jpg,332,133,no_comercial,170,33,191,76
4251.jpg,332,133,no_comercial,188,46,225,78
4251.jpg,332,133,no_comercial,225,32,331,90
4251.jpg,332,133,no_comercial,0,5,148,91
4259.jpg,332,133,comercial,124,51,207,88
4259.jpg,332,133,comercial,258,54,331,79
4259.jpg,332,133,no_comercial,218,52,247,77
4259.jpg,332,133,no_comercial,82,53,123,79
4260.jpg,332,133,comercial,247,59,331,99
4260.jpg,332,133,comercial,246,18,331,58
4260.jpg,332,133,comercial,227,51,242,77
4260.jpg,332,133,no_comercial,63,39,126,77
4260.jpg,332,133,no_comercial,0,29,62,79
4260.jpg,332,133,comercial,161,64,169,70
4264.jpg,332,133,comercial,263,23,331,86
4264.jpg,332,133,no_comercial,123,25,261,89
4267.jpg,332,133,comercial,126,9,251,100
4267.jpg,332,133,no_comercial,0,20,104,78
4272.jpg,332,133,no_comercial,0,33,331,117
4283.jpg,332,133,no_comercial,160,53,193,83
4283.jpg,332,133,no_comercial,213,31,331,83
4283.jpg,332,133,comercial,80,59,111,86
4283.jpg,332,133,no_comercial,0,36,75,114
4284.jpg,332,133,no_comercial,0,35,331,119
4287.jpg,332,133,no_comercial,118,50,199,83
4287.jpg,332,133,no_comercial,207,37,277,86
4287.jpg,332,133,no_comercial,3,38,109,90
4296.jpg,332,133,no_comercial,0,36,331,87
4297.jpg,332,133,no_comercial,0,40,331,112
4299.jpg,332,133,no_comercial,0,40,331,127
4305.jpg,332,133,no_comercial,0,36,331,116
4312.jpg,332,133,no_comercial,131,36,203,96
4312.jpg,332,133,no_comercial,202,34,241,93
4312.jpg,332,133,no_comercial,239,41,280,93
4312.jpg,332,133,no_comercial,6,39,139,104
4321.jpg,332,133,comercial,58,29,146,88
4322.jpg,332,133,no_comercial,0,37,330,102
4325.jpg,332,133,comercial,5,55,43,81
4325.jpg,332,133,comercial,91,57,149,78
4325.jpg,332,133,comercial,145,41,179,81
4325.jpg,332,133,comercial,223,36,317,91
4329.jpg,332,133,no_comercial,179,35,331,84
4329.jpg,332,133,comercial,67,56,87,73
4329.jpg,332,133,no_comercial,85,46,180,91
4333.jpg,332,133,comercial,190,64,331,124
4333.jpg,332,133,no_comercial,20,47,141,113
4335.jpg,332,133,no_comercial,197,44,331,99
4335.jpg,332,133,no_comercial,0,20,130,98
4340.jpg,332,133,comercial,162,58,199,80
4340.jpg,332,133,comercial,233,61,257,82
4340.jpg,332,133,comercial,201,61,233,83
4340.jpg,332,133,no_comercial,0,45,68,95
4347.jpg,332,133,no_comercial,0,38,331,113
4350.jpg,332,133,no_comercial,0,37,331,120
4351.jpg,332,133,comercial,0,26,29,76
4351.jpg,332,133,comercial,31,30,77,52
4351.jpg,332,133,comercial,81,58,167,88
4351.jpg,332,133,comercial,36,60,78,83
4351.jpg,332,133,comercial,174,60,199,84
4351.jpg,332,133,comercial,200,60,228,85
4351.jpg,332,133,comercial,228,59,247,84
4351.jpg,332,133,comercial,247,60,263,82
4356.jpg,332,133,comercial,229,33,276,91
4356.jpg,332,133,comercial,201,55,235,86
4356.jpg,332,133,comercial,0,59,58,104
4356.jpg,332,133,comercial,72,63,89,80
4356.jpg,332,133,no_comercial,121,51,193,95
